id,isResult,datetime,h_id,h_title,h_short_title,a_id,a_title,a_short_title,goals_h,goals_a,xG_h,xG_a,forecast_w,forecast_d,forecast_l
14086,True,2020-09-12 11:30:00,228,Fulham,FLH,83,Arsenal,ARS,0,3,0.126327,2.16287,0.0037,0.0476,0.9487
14087,True,2020-09-12 14:00:00,78,Crystal Palace,CRY,74,Southampton,SOU,1,0,1.39569,1.26267,0.3916,0.3022,0.3062
14090,True,2020-09-12 16:30:00,87,Liverpool,LIV,245,Leeds,LED,4,3,3.15412,0.269813,0.9658,0.0296,0.0046
14091,True,2020-09-12 19:00:00,81,West Ham,WHU,86,Newcastle United,NEW,0,2,0.861445,1.65911,0.1506,0.248,0.6014
14092,True,2020-09-13 13:00:00,76,West Bromwich Albion,WBA,75,Leicester,LEI,0,3,0.352997,2.95581,0.007,0.0358,0.9572
14093,True,2020-09-13 15:30:00,82,Tottenham,TOT,72,Everton,EVE,0,1,0.822944,1.26793,0.22,0.2977,0.4823
14094,True,2020-09-14 17:00:00,238,Sheffield United,SHE,229,Wolverhampton Wanderers,WOL,0,2,0.949316,1.61307,0.1683,0.2906,0.5411
14095,True,2020-09-14 19:15:00,220,Brighton,BRI,80,Chelsea,CHE,1,3,1.44281,1.27062,0.3871,0.3153,0.2976
14096,True,2020-09-19 11:30:00,72,Everton,EVE,76,West Bromwich Albion,WBA,5,2,4.16254,0.315347,0.9973,0.0022,0.0005
14097,True,2020-09-19 14:00:00,245,Leeds,LED,228,Fulham,FLH,4,3,1.45254,1.55503,0.3157,0.3137,0.3706
14098,True,2020-09-19 16:30:00,89,Manchester United,MUN,78,Crystal Palace,CRY,1,3,1.09737,1.91456,0.1695,0.2378,0.5927
14099,True,2020-09-19 19:00:00,83,Arsenal,ARS,81,West Ham,WHU,2,1,1.32902,2.06377,0.1916,0.2407,0.5677
14100,True,2020-09-20 11:00:00,74,Southampton,SOU,82,Tottenham,TOT,2,5,2.27708,2.28004,0.3533,0.2765,0.3702
14101,True,2020-09-20 13:00:00,86,Newcastle United,NEW,220,Brighton,BRI,0,3,0.520678,1.8766,0.0459,0.1757,0.7784
14102,True,2020-09-20 15:30:00,80,Chelsea,CHE,87,Liverpool,LIV,0,2,0.904183,2.25211,0.0572,0.195,0.7478
14103,True,2020-09-20 18:00:00,75,Leicester,LEI,92,Burnley,BUR,4,2,0.987365,1.52404,0.2291,0.2639,0.507
14104,True,2020-09-21 17:00:00,71,Aston Villa,AVL,238,Sheffield United,SHE,1,0,0.80527,0.849709,0.2616,0.3753,0.3631
14105,True,2020-09-21 19:15:00,229,Wolverhampton Wanderers,WOL,88,Manchester City,MCI,1,3,0.727677,2.07651,0.0838,0.1706,0.7456
14106,True,2020-09-26 11:30:00,220,Brighton,BRI,89,Manchester United,MUN,2,3,2.97659,1.57583,0.7204,0.1779,0.1017
14107,True,2020-09-26 14:00:00,78,Crystal Palace,CRY,72,Everton,EVE,1,2,0.443115,2.27189,0.0286,0.1089,0.8625
14108,True,2020-09-26 16:30:00,76,West Bromwich Albion,WBA,80,Chelsea,CHE,3,3,0.911185,2.36046,0.0777,0.1726,0.7497
14109,True,2020-09-26 19:00:00,92,Burnley,BUR,74,Southampton,SOU,0,1,0.347136,0.706632,0.1508,0.4188,0.4304
14110,True,2020-09-27 11:00:00,238,Sheffield United,SHE,245,Leeds,LED,0,1,1.53278,1.46641,0.3921,0.2709,0.337
14111,True,2020-09-27 13:00:00,82,Tottenham,TOT,86,Newcastle United,NEW,1,1,3.18765,0.942726,0.886,0.0894,0.0246
14112,True,2020-09-27 15:30:00,88,Manchester City,MCI,75,Leicester,LEI,2,5,1.44633,2.86721,0.0894,0.1492,0.7614
14113,True,2020-09-27 18:00:00,81,West Ham,WHU,229,Wolverhampton Wanderers,WOL,4,0,3.05703,0.385152,0.9395,0.0484,0.0121
14114,True,2020-09-28 17:00:00,228,Fulham,FLH,71,Aston Villa,AVL,0,3,0.534675,2.03222,0.0665,0.1687,0.7648
14115,True,2020-09-28 19:15:00,87,Liverpool,LIV,83,Arsenal,ARS,3,1,2.73834,1.17817,0.7546,0.1695,0.0759
14467,True,2020-10-03 11:30:00,80,Chelsea,CHE,78,Crystal Palace,CRY,4,0,2.51433,0.103249,0.9641,0.034,0.0019
14468,True,2020-10-03 14:00:00,72,Everton,EVE,220,Brighton,BRI,4,2,2.34034,1.16568,0.6864,0.2051,0.1085
14469,True,2020-10-03 16:30:00,245,Leeds,LED,88,Manchester City,MCI,1,1,2.56662,1.41533,0.6582,0.1825,0.1593
14472,True,2020-10-03 19:00:00,86,Newcastle United,NEW,92,Burnley,BUR,3,1,1.95629,0.438849,0.8267,0.1338,0.0395
14470,True,2020-10-04 11:00:00,75,Leicester,LEI,81,West Ham,WHU,0,3,0.456022,2.03227,0.0488,0.163,0.7882
14473,True,2020-10-04 11:00:00,74,Southampton,SOU,76,West Bromwich Albion,WBA,2,0,0.949079,0.161283,0.5842,0.3636,0.0522
14465,True,2020-10-04 13:00:00,83,Arsenal,ARS,238,Sheffield United,SHE,2,1,0.667131,0.144994,0.481,0.4495,0.0695
14474,True,2020-10-04 13:00:00,229,Wolverhampton Wanderers,WOL,228,Fulham,FLH,1,0,0.89359,0.969393,0.2918,0.3533,0.3549
14471,True,2020-10-04 15:30:00,89,Manchester United,MUN,82,Tottenham,TOT,1,6,0.873435,3.3017,0.0166,0.0804,0.903
14466,True,2020-10-04 18:15:00,71,Aston Villa,AVL,87,Liverpool,LIV,7,2,3.07626,1.65705,0.6988,0.1605,0.1407
14477,True,2020-10-17 11:30:00,72,Everton,EVE,87,Liverpool,LIV,2,2,1.35998,2.49492,0.1599,0.1957,0.6444
14475,True,2020-10-17 14:00:00,80,Chelsea,CHE,74,Southampton,SOU,3,3,1.98708,1.42348,0.5201,0.2782,0.2017
14480,True,2020-10-17 16:30:00,88,Manchester City,MCI,83,Arsenal,ARS,1,0,1.43023,0.838322,0.5302,0.2829,0.1869
14481,True,2020-10-17 19:00:00,86,Newcastle United,NEW,89,Manchester United,MUN,1,4,0.867496,2.21729,0.0765,0.1952,0.7283
14482,True,2020-10-18 11:00:00,238,Sheffield United,SHE,228,Fulham,FLH,1,1,1.66363,1.35611,0.4387,0.3183,0.243
14476,True,2020-10-18 13:00:00,78,Crystal Palace,CRY,220,Brighton,BRI,1,1,0.761169,1.0935,0.2443,0.3704,0.3853
14483,True,2020-10-18 15:30:00,82,Tottenham,TOT,81,West Ham,WHU,3,3,1.77602,1.49992,0.4284,0.2958,0.2758
14479,True,2020-10-18 18:15:00,75,Leicester,LEI,71,Aston Villa,AVL,0,1,0.671595,0.873776,0.2525,0.3567,0.3908
14484,True,2020-10-19 16:30:00,76,West Bromwich Albion,WBA,92,Burnley,BUR,0,0,0.731692,1.08532,0.2211,0.3288,0.4501
14478,True,2020-10-19 19:00:00,245,Leeds,LED,229,Wolverhampton Wanderers,WOL,0,1,1.08332,0.618191,0.4733,0.3334,0.1933
14486,True,2020-10-23 19:00:00,71,Aston Villa,AVL,245,Leeds,LED,0,3,1.50125,2.37695,0.2041,0.2113,0.5846
14493,True,2020-10-24 11:30:00,81,West Ham,WHU,88,Manchester City,MCI,1,1,0.263739,0.892456,0.0966,0.3869,0.5165
14489,True,2020-10-24 14:00:00,228,Fulham,FLH,78,Crystal Palace,CRY,1,2,1.05258,2.81049,0.0666,0.1314,0.802
14491,True,2020-10-24 16:30:00,89,Manchester United,MUN,80,Chelsea,CHE,0,0,0.648427,0.219906,0.4197,0.4747,0.1056
14490,True,2020-10-24 19:00:00,87,Liverpool,LIV,238,Sheffield United,SHE,2,1,2.40286,1.39788,0.6498,0.2161,0.1341
14492,True,2020-10-25 14:00:00,74,Southampton,SOU,72,Everton,EVE,2,0,0.74151,0.287054,0.4409,0.4299,0.1292
14494,True,2020-10-25 16:30:00,229,Wolverhampton Wanderers,WOL,86,Newcastle United,NEW,1,1,0.758626,0.253685,0.4507,0.4333,0.116
14485,True,2020-10-25 19:15:00,83,Arsenal,ARS,75,Leicester,LEI,0,1,0.73944,0.736172,0.2978,0.379,0.3232
14487,True,2020-10-26 17:30:00,220,Brighton,BRI,76,West Bromwich Albion,WBA,1,1,0.546807,0.295654,0.366,0.4803,0.1537
14488,True,2020-10-26 20:00:00,92,Burnley,BUR,82,Tottenham,TOT,0,1,0.95045,0.797344,0.3729,0.3409,0.2862
14504,True,2020-10-30 20:00:00,229,Wolverhampton Wanderers,WOL,78,Crystal Palace,CRY,2,0,1.34895,0.802767,0.509,0.293,0.198
14502,True,2020-10-31 12:30:00,238,Sheffield United,SHE,88,Manchester City,MCI,0,1,0.687544,1.89643,0.0699,0.2127,0.7174
14496,True,2020-10-31 15:00:00,92,Burnley,BUR,80,Chelsea,CHE,0,3,0.407341,1.23077,0.1035,0.2914,0.6051
14499,True,2020-10-31 17:30:00,87,Liverpool,LIV,81,West Ham,WHU,2,1,1.56302,0.269048,0.7962,0.171,0.0328
14495,True,2020-11-01 12:00:00,71,Aston Villa,AVL,74,Southampton,SOU,3,4,2.44855,1.00333,0.7378,0.172,0.0902
14501,True,2020-11-01 14:00:00,86,Newcastle United,NEW,72,Everton,EVE,2,1,2.6311,1.21805,0.7653,0.1563,0.0784
14500,True,2020-11-01 16:30:00,89,Manchester United,MUN,83,Arsenal,ARS,0,1,0.394113,0.998072,0.1004,0.3182,0.5814
14503,True,2020-11-01 19:15:00,82,Tottenham,TOT,220,Brighton,BRI,2,1,1.97236,0.324457,0.8592,0.1151,0.0257
14497,True,2020-11-02 17:30:00,228,Fulham,FLH,76,West Bromwich Albion,WBA,2,0,1.62247,0.482685,0.7108,0.2057,0.0835
14498,True,2020-11-02 20:00:00,245,Leeds,LED,75,Leicester,LEI,1,4,1.74822,3.07657,0.1116,0.1818,0.7066
14506,True,2020-11-06 17:30:00,220,Brighton,BRI,92,Burnley,BUR,0,0,1.59022,0.326933,0.7227,0.2148,0.0625
14512,True,2020-11-06 20:00:00,74,Southampton,SOU,86,Newcastle United,NEW,2,0,0.985828,0.175633,0.5809,0.3577,0.0614
14509,True,2020-11-07 12:30:00,72,Everton,EVE,89,Manchester United,MUN,1,3,0.376464,1.59642,0.069,0.2068,0.7242
14508,True,2020-11-07 15:00:00,78,Crystal Palace,CRY,245,Leeds,LED,4,1,1.30169,0.847913,0.4854,0.292,0.2226
14507,True,2020-11-07 17:30:00,80,Chelsea,CHE,238,Sheffield United,SHE,4,1,2.87622,0.743967,0.8726,0.0989,0.0285
14514,True,2020-11-07 20:00:00,81,West Ham,WHU,228,Fulham,FLH,1,0,1.42614,1.84922,0.2509,0.2638,0.4853
14513,True,2020-11-08 12:00:00,76,West Bromwich Albion,WBA,82,Tottenham,TOT,0,1,0.799352,1.87063,0.1207,0.2169,0.6624
14510,True,2020-11-08 14:00:00,75,Leicester,LEI,229,Wolverhampton Wanderers,WOL,1,0,2.0545,0.57936,0.8134,0.144,0.0426
14511,True,2020-11-08 16:30:00,88,Manchester City,MCI,87,Liverpool,LIV,1,1,1.58487,1.18789,0.4692,0.3291,0.2017
14505,True,2020-11-08 19:15:00,83,Arsenal,ARS,71,Aston Villa,AVL,0,3,1.39037,1.98553,0.2332,0.2465,0.5203
14521,True,2020-11-21 12:30:00,86,Newcastle United,NEW,80,Chelsea,CHE,0,2,0.368286,1.81923,0.0513,0.1759,0.7728
14515,True,2020-11-21 15:00:00,71,Aston Villa,AVL,220,Brighton,BRI,1,2,1.76514,1.50038,0.4473,0.2738,0.2789
14523,True,2020-11-21 17:30:00,82,Tottenham,TOT,88,Manchester City,MCI,2,0,0.761142,1.66325,0.1445,0.2444,0.6111
14520,True,2020-11-21 20:00:00,89,Manchester United,MUN,76,West Bromwich Albion,WBA,1,0,2.42994,0.438646,0.8842,0.0918,0.024
14517,True,2020-11-22 12:00:00,228,Fulham,FLH,72,Everton,EVE,2,3,1.87028,2.2508,0.2729,0.2637,0.4634
14522,True,2020-11-22 14:00:00,238,Sheffield United,SHE,81,West Ham,WHU,0,1,0.692374,2.1142,0.0757,0.1728,0.7515
14518,True,2020-11-22 16:30:00,245,Leeds,LED,83,Arsenal,ARS,0,0,1.9617,0.710778,0.6937,0.2006,0.1057
14519,True,2020-11-22 19:15:00,87,Liverpool,LIV,75,Leicester,LEI,3,0,3.77245,1.98397,0.7591,0.1383,0.1026
14516,True,2020-11-23 17:30:00,92,Burnley,BUR,78,Crystal Palace,CRY,1,0,1.75343,1.28331,0.4942,0.2612,0.2446
14524,True,2020-11-23 20:00:00,229,Wolverhampton Wanderers,WOL,74,Southampton,SOU,1,1,1.57479,1.0785,0.4908,0.2832,0.226
14530,True,2020-11-27 20:00:00,78,Crystal Palace,CRY,86,Newcastle United,NEW,0,2,0.534893,1.27929,0.1382,0.2907,0.5711
14528,True,2020-11-28 12:30:00,220,Brighton,BRI,87,Liverpool,LIV,1,1,2.30722,0.28109,0.9205,0.0683,0.0112
14533,True,2020-11-28 15:00:00,88,Manchester City,MCI,92,Burnley,BUR,5,0,2.26129,0.419877,0.8292,0.1283,0.0425
14531,True,2020-11-28 17:30:00,72,Everton,EVE,245,Leeds,LED,0,1,1.29229,3.11324,0.077,0.1377,0.7853
14527,True,2020-11-28 20:00:00,76,West Bromwich Albion,WBA,238,Sheffield United,SHE,1,0,1.71644,3.36544,0.112,0.1416,0.7464
14534,True,2020-11-29 14:00:00,74,Southampton,SOU,89,Manchester United,MUN,2,3,0.498783,2.47547,0.0381,0.1118,0.8501
14529,True,2020-11-29 16:30:00,80,Chelsea,CHE,82,Tottenham,TOT,0,0,0.974755,0.22689,0.5514,0.3637,0.0849
14525,True,2020-11-29 19:15:00,83,Arsenal,ARS,229,Wolverhampton Wanderers,WOL,1,2,1.1185,2.0069,0.1526,0.2366,0.6108
14532,True,2020-11-30 17:30:00,75,Leicester,LEI,228,Fulham,FLH,1,2,1.27814,2.03719,0.1823,0.2401,0.5776
14526,True,2020-11-30 20:00:00,81,West Ham,WHU,71,Aston Villa,AVL,2,1,0.571633,2.39051,0.0322,0.1121,0.8557
14537,True,2020-12-05 12:30:00,92,Burnley,BUR,72,Everton,EVE,1,1,0.730434,2.28139,0.0537,0.144,0.8023
14540,True,2020-12-05 15:00:00,88,Manchester City,MCI,228,Fulham,FLH,2,0,3.26328,0.287444,0.9658,0.0301,0.0041
14544,True,2020-12-05 17:30:00,81,West Ham,WHU,89,Manchester United,MUN,1,3,2.53006,1.78708,0.5546,0.2197,0.2257
14538,True,2020-12-05 20:00:00,80,Chelsea,CHE,245,Leeds,LED,3,1,4.89472,1.0277,0.9757,0.0189,0.0054
14543,True,2020-12-06 12:00:00,76,West Bromwich Albion,WBA,78,Crystal Palace,CRY,1,5,0.567234,1.68656,0.1028,0.2216,0.6756
14541,True,2020-12-06 14:15:00,238,Sheffield United,SHE,75,Leicester,LEI,1,2,0.290743,1.3904,0.0609,0.2424,0.6967
14542,True,2020-12-06 16:30:00,82,Tottenham,TOT,83,Arsenal,ARS,2,0,0.390629,0.595216,0.1973,0.4601,0.3426
14539,True,2020-12-06 19:15:00,87,Liverpool,LIV,229,Wolverhampton Wanderers,WOL,4,0,1.59454,0.357753,0.7432,0.1988,0.058
14536,True,2020-12-07 20:00:00,220,Brighton,BRI,74,Southampton,SOU,1,2,2.03376,1.34801,0.5465,0.2771,0.1764
14548,True,2020-12-11 20:00:00,245,Leeds,LED,81,West Ham,WHU,1,2,1.56644,1.7851,0.3202,0.2674,0.4124
14552,True,2020-12-12 12:30:00,229,Wolverhampton Wanderers,WOL,71,Aston Villa,AVL,0,1,1.1356,1.26872,0.288,0.3207,0.3913
14550,True,2020-12-12 15:00:00,86,Newcastle United,NEW,76,West Bromwich Albion,WBA,2,1,0.904163,0.57319,0.4254,0.3604,0.2142
14549,True,2020-12-12 17:30:00,89,Manchester United,MUN,88,Manchester City,MCI,0,0,0.591617,1.28434,0.1496,0.2848,0.5656
14546,True,2020-12-12 20:00:00,72,Everton,EVE,80,Chelsea,CHE,1,0,1.2216,1.00627,0.4004,0.3507,0.2489
14551,True,2020-12-13 12:00:00,74,Southampton,SOU,238,Sheffield United,SHE,3,0,2.27973,0.219115,0.8969,0.089,0.0141
14545,True,2020-12-13 14:15:00,78,Crystal Palace,CRY,82,Tottenham,TOT,1,1,1.84443,1.40792,0.4846,0.2605,0.2549
14547,True,2020-12-13 16:30:00,228,Fulham,FLH,87,Liverpool,LIV,1,1,1.72509,1.82445,0.3366,0.2847,0.3787
14553,True,2020-12-13 19:15:00,75,Leicester,LEI,220,Brighton,BRI,3,0,1.64351,0.791673,0.6082,0.2453,0.1465
14554,True,2020-12-13 19:15:00,83,Arsenal,ARS,92,Burnley,BUR,0,1,1.85362,0.815375,0.6447,0.2211,0.1342
14562,True,2020-12-15 18:00:00,229,Wolverhampton Wanderers,WOL,80,Chelsea,CHE,2,1,0.683783,1.56772,0.1287,0.2507,0.6206
14564,True,2020-12-15 20:00:00,88,Manchester City,MCI,76,West Bromwich Albion,WBA,1,1,2.58593,0.210243,0.9138,0.0742,0.012
14555,True,2020-12-16 18:00:00,83,Arsenal,ARS,74,Southampton,SOU,1,1,0.661135,1.11296,0.1907,0.3312,0.4781
14558,True,2020-12-16 18:00:00,245,Leeds,LED,86,Newcastle United,NEW,5,2,2.95137,1.44437,0.7302,0.1724,0.0974
14559,True,2020-12-16 18:00:00,75,Leicester,LEI,72,Everton,EVE,0,2,0.83883,1.51486,0.1305,0.2971,0.5724
14557,True,2020-12-16 20:00:00,228,Fulham,FLH,220,Brighton,BRI,0,0,1.00448,0.462456,0.5269,0.337,0.1361
14561,True,2020-12-16 20:00:00,81,West Ham,WHU,78,Crystal Palace,CRY,1,1,0.449469,1.09108,0.1279,0.3153,0.5568
14563,True,2020-12-16 20:00:00,87,Liverpool,LIV,82,Tottenham,TOT,2,1,1.21783,1.5161,0.2781,0.2611,0.4608
14556,True,2020-12-17 18:00:00,71,Aston Villa,AVL,92,Burnley,BUR,0,0,1.81142,0.316737,0.7678,0.1799,0.0523
14560,True,2020-12-17 20:00:00,238,Sheffield United,SHE,89,Manchester United,MUN,2,3,1.23525,1.78667,0.2175,0.2633,0.5192
14568,True,2020-12-19 12:30:00,78,Crystal Palace,CRY,87,Liverpool,LIV,0,7,0.489318,2.86902,0.0192,0.074,0.9068
14572,True,2020-12-19 15:00:00,74,Southampton,SOU,88,Manchester City,MCI,0,1,0.586972,1.15599,0.161,0.3106,0.5284
14569,True,2020-12-19 17:30:00,72,Everton,EVE,83,Arsenal,ARS,2,1,0.661744,1.25206,0.1508,0.2951,0.5541
14571,True,2020-12-19 20:00:00,86,Newcastle United,NEW,228,Fulham,FLH,1,1,1.26725,1.10645,0.4058,0.3137,0.2805
14565,True,2020-12-20 12:00:00,220,Brighton,BRI,238,Sheffield United,SHE,1,1,2.90097,1.03713,0.8142,0.1309,0.0549
14573,True,2020-12-20 14:15:00,82,Tottenham,TOT,75,Leicester,LEI,0,2,0.945932,1.74772,0.1388,0.2862,0.575
14570,True,2020-12-20 16:30:00,89,Manchester United,MUN,245,Leeds,LED,6,2,4.77743,1.63467,0.9111,0.0538,0.0351
14574,True,2020-12-20 19:15:00,76,West Bromwich Albion,WBA,71,Aston Villa,AVL,0,3,0.0388442,2.61964,0.0007,0.023,0.9763
14566,True,2020-12-21 17:30:00,92,Burnley,BUR,229,Wolverhampton Wanderers,WOL,2,1,1.20465,1.45722,0.2779,0.2962,0.4259
14567,True,2020-12-21 20:00:00,80,Chelsea,CHE,81,West Ham,WHU,3,0,2.41157,0.277737,0.9248,0.0652,0.01
14579,True,2020-12-26 12:30:00,75,Leicester,LEI,89,Manchester United,MUN,2,2,1.0396,2.08423,0.1358,0.217,0.6472
14576,True,2020-12-26 15:00:00,71,Aston Villa,AVL,78,Crystal Palace,CRY,3,0,4.58214,0.849086,0.9765,0.0188,0.0047
14577,True,2020-12-26 15:00:00,228,Fulham,FLH,74,Southampton,SOU,0,0,0.781855,0.119709,0.5283,0.4211,0.0506
14575,True,2020-12-26 17:30:00,83,Arsenal,ARS,80,Chelsea,CHE,3,1,1.94485,2.25414,0.2853,0.2648,0.4499
14581,True,2020-12-26 20:00:00,88,Manchester City,MCI,86,Newcastle United,NEW,2,0,3.19575,0.200953,0.9721,0.0238,0.0041
14582,True,2020-12-26 20:00:00,238,Sheffield United,SHE,72,Everton,EVE,0,1,1.25106,0.568803,0.5874,0.2991,0.1135
14578,True,2020-12-27 12:00:00,245,Leeds,LED,92,Burnley,BUR,1,0,2.13271,1.54591,0.5321,0.2575,0.2104
14583,True,2020-12-27 14:15:00,81,West Ham,WHU,220,Brighton,BRI,2,2,1.38877,1.50551,0.3232,0.2901,0.3867
14580,True,2020-12-27 16:30:00,87,Liverpool,LIV,76,West Bromwich Albion,WBA,1,1,1.45485,0.739845,0.5437,0.2912,0.1651
14584,True,2020-12-27 19:15:00,229,Wolverhampton Wanderers,WOL,82,Tottenham,TOT,1,1,0.742598,0.408109,0.4091,0.4096,0.1813
14594,True,2020-12-28 15:00:00,78,Crystal Palace,CRY,75,Leicester,LEI,1,1,0.321348,1.72132,0.0389,0.1668,0.7943
14586,True,2020-12-28 17:30:00,80,Chelsea,CHE,71,Aston Villa,AVL,1,1,1.53701,0.730859,0.6007,0.2712,0.1281
14585,True,2020-12-29 18:00:00,220,Brighton,BRI,83,Arsenal,ARS,0,1,0.799368,1.31394,0.1948,0.2845,0.5207
14587,True,2020-12-29 18:00:00,92,Burnley,BUR,238,Sheffield United,SHE,1,0,0.973831,0.492578,0.5046,0.3332,0.1622
14588,True,2020-12-29 18:00:00,74,Southampton,SOU,81,West Ham,WHU,0,0,0.670996,1.07246,0.1937,0.3418,0.4645
14590,True,2020-12-29 18:00:00,76,West Bromwich Albion,WBA,245,Leeds,LED,0,5,0.43551,1.54225,0.0736,0.2468,0.6796
14592,True,2020-12-29 20:00:00,89,Manchester United,MUN,229,Wolverhampton Wanderers,WOL,1,0,1.48207,0.411046,0.7471,0.1978,0.0551
14591,True,2020-12-30 20:00:00,86,Newcastle United,NEW,87,Liverpool,LIV,0,0,0.817935,1.32047,0.2097,0.2881,0.5022
14595,True,2021-01-01 17:30:00,72,Everton,EVE,81,West Ham,WHU,0,1,0.371045,1.19713,0.0929,0.2811,0.626
14596,True,2021-01-01 20:00:00,89,Manchester United,MUN,71,Aston Villa,AVL,2,1,2.46473,1.56434,0.5885,0.2225,0.189
14599,True,2021-01-02 12:30:00,82,Tottenham,TOT,245,Leeds,LED,3,0,2.5286,1.15626,0.7069,0.1737,0.1194
14604,True,2021-01-02 15:00:00,78,Crystal Palace,CRY,238,Sheffield United,SHE,2,0,0.598888,0.323158,0.3625,0.4722,0.1653
14601,True,2021-01-02 17:30:00,220,Brighton,BRI,229,Wolverhampton Wanderers,WOL,3,3,2.4228,1.81856,0.5295,0.2673,0.2032
14600,True,2021-01-02 20:00:00,76,West Bromwich Albion,WBA,83,Arsenal,ARS,0,4,0.869874,4.03429,0.0061,0.033,0.9609
14597,True,2021-01-03 14:15:00,86,Newcastle United,NEW,75,Leicester,LEI,1,2,0.264584,0.702081,0.12,0.433,0.447
14603,True,2021-01-03 16:30:00,80,Chelsea,CHE,88,Manchester City,MCI,1,3,0.691013,3.18063,0.0236,0.0772,0.8992
14598,True,2021-01-04 20:00:00,74,Southampton,SOU,87,Liverpool,LIV,1,0,0.500436,1.37204,0.1159,0.2744,0.6097
14610,True,2021-01-12 18:00:00,238,Sheffield United,SHE,86,Newcastle United,NEW,1,0,2.01315,1.04745,0.6246,0.2342,0.1412
14612,True,2021-01-12 20:15:00,229,Wolverhampton Wanderers,WOL,72,Everton,EVE,1,2,0.852495,0.323445,0.4722,0.3951,0.1327
14088,True,2021-01-12 22:15:00,92,Burnley,BUR,89,Manchester United,MUN,0,1,0.648582,1.23996,0.1875,0.3023,0.5102
14614,True,2021-01-13 18:00:00,88,Manchester City,MCI,220,Brighton,BRI,1,0,2.90855,0.177084,0.9559,0.0392,0.0049
14589,True,2021-01-13 20:00:00,82,Tottenham,TOT,228,Fulham,FLH,1,1,3.14372,1.05329,0.8342,0.1077,0.0581
14605,True,2021-01-14 20:00:00,83,Arsenal,ARS,78,Crystal Palace,CRY,0,0,0.368554,0.709634,0.1608,0.4365,0.4027
14624,True,2021-01-16 12:30:00,229,Wolverhampton Wanderers,WOL,76,West Bromwich Albion,WBA,2,3,1.94358,2.46332,0.244,0.2365,0.5195
14618,True,2021-01-16 15:00:00,245,Leeds,LED,220,Brighton,BRI,0,1,0.245193,1.14424,0.0547,0.2547,0.6906
14623,True,2021-01-16 15:00:00,81,West Ham,WHU,92,Burnley,BUR,1,0,1.73397,0.395668,0.7582,0.1885,0.0533
14617,True,2021-01-16 17:30:00,228,Fulham,FLH,80,Chelsea,CHE,0,1,0.46126,1.37939,0.1163,0.2684,0.6153
14619,True,2021-01-16 20:00:00,75,Leicester,LEI,74,Southampton,SOU,2,0,2.12019,0.378147,0.8242,0.1382,0.0376
14622,True,2021-01-17 14:00:00,238,Sheffield United,SHE,82,Tottenham,TOT,1,3,0.978133,1.28385,0.2638,0.2989,0.4373
14620,True,2021-01-17 16:30:00,87,Liverpool,LIV,89,Manchester United,MUN,0,0,1.20205,1.18929,0.3456,0.308,0.3464
14621,True,2021-01-17 19:15:00,88,Manchester City,MCI,78,Crystal Palace,CRY,4,0,0.961088,0.0515836,0.6417,0.3394,0.0189
14615,True,2021-01-18 20:00:00,83,Arsenal,ARS,86,Newcastle United,NEW,3,0,2.30744,0.168796,0.9022,0.0861,0.0117
14611,True,2021-01-19 18:00:00,81,West Ham,WHU,76,West Bromwich Albion,WBA,2,1,2.17512,0.464091,0.843,0.1265,0.0305
14609,True,2021-01-19 20:15:00,75,Leicester,LEI,80,Chelsea,CHE,2,0,1.1449,0.615727,0.514,0.3091,0.1769
14089,True,2021-01-20 20:00:00,88,Manchester City,MCI,71,Aston Villa,AVL,2,0,3.34385,0.601768,0.933,0.0513,0.0157
14607,True,2021-01-20 20:15:00,228,Fulham,FLH,89,Manchester United,MUN,1,2,0.753669,1.68401,0.1286,0.2406,0.6308
14613,True,2021-01-21 20:00:00,87,Liverpool,LIV,92,Burnley,BUR,0,1,1.64907,1.08059,0.4994,0.2767,0.2239
14535,True,2021-01-23 20:00:00,71,Aston Villa,AVL,86,Newcastle United,NEW,2,0,2.6026,0.400364,0.908,0.0743,0.0177
14631,True,2021-01-26 18:00:00,86,Newcastle United,NEW,245,Leeds,LED,1,2,1.1364,0.785914,0.4368,0.3274,0.2358
14634,True,2021-01-26 18:00:00,78,Crystal Palace,CRY,81,West Ham,WHU,2,3,0.629033,3.30321,0.0139,0.0546,0.9315
14629,True,2021-01-26 20:15:00,76,West Bromwich Albion,WBA,88,Manchester City,MCI,0,5,0.568258,2.24838,0.0239,0.1323,0.8438
14632,True,2021-01-26 20:15:00,74,Southampton,SOU,83,Arsenal,ARS,1,3,0.99504,2.4339,0.0733,0.1715,0.7552
14626,True,2021-01-27 18:00:00,92,Burnley,BUR,71,Aston Villa,AVL,3,2,0.717681,2.70718,0.0368,0.112,0.8512
14630,True,2021-01-27 18:00:00,80,Chelsea,CHE,229,Wolverhampton Wanderers,WOL,0,0,0.663324,0.63192,0.2961,0.395,0.3089
14625,True,2021-01-27 19:30:00,220,Brighton,BRI,228,Fulham,FLH,0,0,2.29129,0.513226,0.8321,0.1258,0.0421
14627,True,2021-01-27 20:15:00,72,Everton,EVE,75,Leicester,LEI,1,1,0.474981,0.792045,0.2061,0.3883,0.4056
14628,True,2021-01-27 20:15:00,89,Manchester United,MUN,238,Sheffield United,SHE,1,2,0.9931,0.689548,0.4096,0.3432,0.2472
14633,True,2021-01-28 20:00:00,82,Tottenham,TOT,87,Liverpool,LIV,1,3,0.104586,2.58798,0.001,0.0234,0.9756
14644,True,2021-01-30 12:30:00,72,Everton,EVE,86,Newcastle United,NEW,0,2,0.966012,2.08832,0.1367,0.2001,0.6632
14638,True,2021-01-30 15:00:00,78,Crystal Palace,CRY,229,Wolverhampton Wanderers,WOL,1,0,1.36877,0.450907,0.6637,0.252,0.0843
14640,True,2021-01-30 15:00:00,76,West Bromwich Albion,WBA,228,Fulham,FLH,2,2,0.994664,1.52044,0.2182,0.2867,0.4951
14642,True,2021-01-30 15:00:00,88,Manchester City,MCI,238,Sheffield United,SHE,1,0,1.53116,0.154537,0.8331,0.1503,0.0166
14635,True,2021-01-30 17:30:00,83,Arsenal,ARS,89,Manchester United,MUN,0,0,0.747166,1.51332,0.1496,0.2491,0.6013
14641,True,2021-01-30 20:00:00,74,Southampton,SOU,71,Aston Villa,AVL,0,1,2.22557,0.795508,0.745,0.1783,0.0767
14637,True,2021-01-31 12:00:00,80,Chelsea,CHE,92,Burnley,BUR,2,0,1.4405,0.390714,0.6509,0.2679,0.0812
14643,True,2021-01-31 14:00:00,75,Leicester,LEI,245,Leeds,LED,1,3,1.73432,1.8141,0.3472,0.2628,0.39
14639,True,2021-01-31 16:30:00,81,West Ham,WHU,87,Liverpool,LIV,1,3,0.883061,2.05809,0.0975,0.2051,0.6974
14636,True,2021-01-31 19:15:00,220,Brighton,BRI,82,Tottenham,TOT,1,0,1.77386,0.372524,0.7747,0.1711,0.0542
14649,True,2021-02-02 18:00:00,238,Sheffield United,SHE,76,West Bromwich Albion,WBA,2,1,1.35804,1.61871,0.2481,0.3174,0.4345
14650,True,2021-02-02 18:00:00,229,Wolverhampton Wanderers,WOL,83,Arsenal,ARS,2,1,1.56162,0.716265,0.6219,0.2553,0.1228
14651,True,2021-02-02 20:15:00,89,Manchester United,MUN,74,Southampton,SOU,9,0,5.0325,0.507893,0.9916,0.0075,0.0009
14652,True,2021-02-02 20:15:00,86,Newcastle United,NEW,78,Crystal Palace,CRY,1,2,1.90755,0.809312,0.6511,0.2222,0.1267
14646,True,2021-02-03 18:00:00,92,Burnley,BUR,88,Manchester City,MCI,0,2,0.0489155,2.12153,0.002,0.0706,0.9274
14647,True,2021-02-03 18:00:00,228,Fulham,FLH,75,Leicester,LEI,0,2,0.731288,1.71299,0.0773,0.2402,0.6825
14648,True,2021-02-03 19:30:00,245,Leeds,LED,72,Everton,EVE,1,2,1.14303,1.91539,0.1702,0.2423,0.5875
14645,True,2021-02-03 20:15:00,71,Aston Villa,AVL,81,West Ham,WHU,1,3,0.741154,1.79064,0.1371,0.2225,0.6404
14654,True,2021-02-03 20:15:00,87,Liverpool,LIV,220,Brighton,BRI,0,1,1.09518,1.18977,0.3094,0.3128,0.3778
14653,True,2021-02-04 20:00:00,82,Tottenham,TOT,80,Chelsea,CHE,0,1,0.569446,2.393,0.0393,0.1251,0.8356
14655,True,2021-02-06 12:30:00,71,Aston Villa,AVL,83,Arsenal,ARS,1,0,1.19792,0.679649,0.4986,0.3021,0.1993
14656,True,2021-02-06 15:00:00,92,Burnley,BUR,220,Brighton,BRI,1,1,1.88934,0.612682,0.728,0.1852,0.0868
14661,True,2021-02-06 15:00:00,86,Newcastle United,NEW,74,Southampton,SOU,3,2,0.910553,1.43445,0.2193,0.2865,0.4942
14657,True,2021-02-06 17:30:00,228,Fulham,FLH,81,West Ham,WHU,0,0,1.60884,0.943539,0.5319,0.2729,0.1952
14660,True,2021-02-06 20:00:00,89,Manchester United,MUN,72,Everton,EVE,3,3,1.71769,1.5571,0.4001,0.2778,0.3221
14663,True,2021-02-07 12:00:00,82,Tottenham,TOT,76,West Bromwich Albion,WBA,2,0,1.92997,0.698686,0.7001,0.2046,0.0953
14664,True,2021-02-07 14:00:00,229,Wolverhampton Wanderers,WOL,75,Leicester,LEI,0,0,1.35506,0.632232,0.5741,0.2754,0.1505
14659,True,2021-02-07 16:30:00,87,Liverpool,LIV,88,Manchester City,MCI,1,4,1.17728,3.55196,0.0077,0.0419,0.9504
14662,True,2021-02-07 19:15:00,238,Sheffield United,SHE,80,Chelsea,CHE,1,2,0.623045,1.64144,0.0869,0.2349,0.6782
14658,True,2021-02-08 20:00:00,245,Leeds,LED,78,Crystal Palace,CRY,2,0,2.64769,0.370278,0.9029,0.0772,0.0199
14670,True,2021-02-13 12:30:00,75,Leicester,LEI,87,Liverpool,LIV,3,1,2.07383,1.68325,0.4663,0.2664,0.2673
14668,True,2021-02-13 15:00:00,78,Crystal Palace,CRY,92,Burnley,BUR,0,3,0.645616,1.95502,0.0914,0.1803,0.7283
14671,True,2021-02-13 17:30:00,88,Manchester City,MCI,82,Tottenham,TOT,3,0,2.46219,0.4235,0.8805,0.0952,0.0243
14666,True,2021-02-13 20:00:00,220,Brighton,BRI,71,Aston Villa,AVL,0,0,2.33232,0.144036,0.9125,0.0777,0.0098
14672,True,2021-02-14 12:00:00,74,Southampton,SOU,229,Wolverhampton Wanderers,WOL,1,2,0.8536,1.09361,0.2361,0.3448,0.4191
14673,True,2021-02-14 14:00:00,76,West Bromwich Albion,WBA,89,Manchester United,MUN,1,1,0.945964,0.423885,0.5013,0.3551,0.1436
14665,True,2021-02-14 16:30:00,83,Arsenal,ARS,245,Leeds,LED,4,2,2.50614,0.77074,0.8375,0.123,0.0395
14669,True,2021-02-14 19:00:00,72,Everton,EVE,228,Fulham,FLH,0,2,0.314075,2.55085,0.0068,0.0481,0.9451
14674,True,2021-02-15 18:00:00,81,West Ham,WHU,238,Sheffield United,SHE,3,0,2.32735,0.926652,0.7379,0.1827,0.0794
14667,True,2021-02-15 20:00:00,80,Chelsea,CHE,86,Newcastle United,NEW,2,0,2.5428,0.432603,0.8826,0.0951,0.0223
14602,True,2021-02-17 18:00:00,92,Burnley,BUR,228,Fulham,FLH,1,1,1.20642,0.594471,0.5452,0.2995,0.1553
14593,True,2021-02-17 20:15:00,72,Everton,EVE,88,Manchester City,MCI,1,3,1.04664,1.23218,0.2781,0.3846,0.3373
14684,True,2021-02-19 20:00:00,229,Wolverhampton Wanderers,WOL,245,Leeds,LED,1,0,0.592049,2.4793,0.0445,0.1246,0.8309
14682,True,2021-02-20 12:30:00,74,Southampton,SOU,80,Chelsea,CHE,1,1,0.496603,1.44849,0.0713,0.2519,0.6768
14678,True,2021-02-20 15:00:00,92,Burnley,BUR,76,West Bromwich Albion,WBA,0,0,0.535153,1.71922,0.0492,0.1886,0.7622
14680,True,2021-02-20 17:30:00,87,Liverpool,LIV,72,Everton,EVE,0,2,1.54046,2.01468,0.2479,0.2577,0.4944
14679,True,2021-02-20 20:00:00,228,Fulham,FLH,238,Sheffield United,SHE,1,0,1.21006,0.977747,0.401,0.3167,0.2823
14683,True,2021-02-21 12:00:00,81,West Ham,WHU,82,Tottenham,TOT,2,1,1.09246,0.770706,0.4855,0.3432,0.1713
14676,True,2021-02-21 14:00:00,71,Aston Villa,AVL,75,Leicester,LEI,1,2,1.7084,1.23852,0.4989,0.2797,0.2214
14675,True,2021-02-21 16:30:00,83,Arsenal,ARS,88,Manchester City,MCI,0,1,0.331188,2.08868,0.0335,0.1341,0.8324
14681,True,2021-02-21 19:00:00,89,Manchester United,MUN,86,Newcastle United,NEW,3,1,1.7256,0.341778,0.7921,0.1648,0.0431
14677,True,2021-02-22 20:00:00,220,Brighton,BRI,78,Crystal Palace,CRY,1,2,2.59204,0.179886,0.9263,0.0656,0.0081
14608,True,2021-02-23 20:00:00,245,Leeds,LED,74,Southampton,SOU,3,0,1.84753,1.47981,0.452,0.2588,0.2892
14689,True,2021-02-27 12:30:00,88,Manchester City,MCI,81,West Ham,WHU,2,1,0.760574,1.92892,0.0637,0.1992,0.7371
14692,True,2021-02-27 15:00:00,76,West Bromwich Albion,WBA,220,Brighton,BRI,1,0,0.687091,3.12111,0.0135,0.0646,0.9219
14691,True,2021-02-27 17:30:00,245,Leeds,LED,71,Aston Villa,AVL,0,1,1.00106,0.876255,0.3618,0.3531,0.2851
14688,True,2021-02-27 20:00:00,86,Newcastle United,NEW,229,Wolverhampton Wanderers,WOL,1,1,1.9519,1.27827,0.539,0.2409,0.2201
14687,True,2021-02-28 12:00:00,78,Crystal Palace,CRY,228,Fulham,FLH,0,0,0.0880148,0.813134,0.0365,0.4295,0.534
14690,True,2021-02-28 12:00:00,75,Leicester,LEI,83,Arsenal,ARS,1,3,0.533575,2.1065,0.0266,0.1097,0.8637
14693,True,2021-02-28 14:00:00,82,Tottenham,TOT,92,Burnley,BUR,4,0,2.35788,0.603212,0.8138,0.1319,0.0543
14685,True,2021-02-28 16:30:00,80,Chelsea,CHE,89,Manchester United,MUN,0,0,1.17294,0.35954,0.621,0.2899,0.0891
14694,True,2021-02-28 19:15:00,238,Sheffield United,SHE,87,Liverpool,LIV,0,2,0.777149,2.80551,0.0461,0.1081,0.8458
14686,True,2021-03-01 20:00:00,72,Everton,EVE,74,Southampton,SOU,1,0,1.42054,0.665743,0.5895,0.2921,0.1184
14720,True,2021-03-02 20:00:00,88,Manchester City,MCI,229,Wolverhampton Wanderers,WOL,4,1,3.26196,0.318824,0.9559,0.0369,0.0072
14716,True,2021-03-03 18:00:00,92,Burnley,BUR,75,Leicester,LEI,1,1,1.26793,1.24109,0.365,0.297,0.338
14721,True,2021-03-03 18:00:00,238,Sheffield United,SHE,71,Aston Villa,AVL,1,0,0.716254,1.44176,0.157,0.283,0.56
14717,True,2021-03-03 20:15:00,78,Crystal Palace,CRY,89,Manchester United,MUN,0,0,0.742397,0.584016,0.3773,0.3779,0.2448
14723,True,2021-03-04 18:00:00,76,West Bromwich Albion,WBA,72,Everton,EVE,0,1,1.02038,1.40789,0.2458,0.2813,0.4729
14757,True,2021-03-04 18:00:00,228,Fulham,FLH,82,Tottenham,TOT,0,1,1.1715,1.5519,0.2445,0.2814,0.4741
14719,True,2021-03-04 20:15:00,87,Liverpool,LIV,80,Chelsea,CHE,0,1,0.247034,1.22635,0.0629,0.271,0.6661
14697,True,2021-03-06 12:30:00,92,Burnley,BUR,83,Arsenal,ARS,1,1,1.10374,2.53692,0.1026,0.1738,0.7236
14701,True,2021-03-06 15:00:00,238,Sheffield United,SHE,74,Southampton,SOU,0,2,0.908155,2.37386,0.0726,0.1717,0.7557
14695,True,2021-03-06 17:30:00,71,Aston Villa,AVL,229,Wolverhampton Wanderers,WOL,0,0,0.956392,2.15087,0.0783,0.1901,0.7316
14696,True,2021-03-06 20:00:00,220,Brighton,BRI,75,Leicester,LEI,1,2,0.75471,1.03801,0.2386,0.3338,0.4276
14703,True,2021-03-07 12:00:00,76,West Bromwich Albion,WBA,86,Newcastle United,NEW,0,0,1.46503,0.454577,0.6665,0.2392,0.0943
14699,True,2021-03-07 14:00:00,87,Liverpool,LIV,228,Fulham,FLH,0,1,0.701764,1.37047,0.1574,0.2768,0.5658
14700,True,2021-03-07 16:30:00,88,Manchester City,MCI,89,Manchester United,MUN,0,2,1.27561,2.11411,0.1821,0.2071,0.6108
14702,True,2021-03-07 19:15:00,82,Tottenham,TOT,78,Crystal Palace,CRY,4,1,2.24159,0.559383,0.8314,0.1326,0.036
14698,True,2021-03-08 18:00:00,80,Chelsea,CHE,72,Everton,EVE,2,0,2.57224,0.270757,0.9309,0.0583,0.0108
14704,True,2021-03-08 20:00:00,81,West Ham,WHU,245,Leeds,LED,2,0,2.37556,1.34971,0.6568,0.2033,0.1399
14761,True,2021-03-10 18:00:00,88,Manchester City,MCI,74,Southampton,SOU,5,2,3.10503,1.60561,0.7399,0.1695,0.0906
14712,True,2021-03-12 20:00:00,86,Newcastle United,NEW,71,Aston Villa,AVL,1,1,0.873171,0.748665,0.3578,0.3501,0.2921
14709,True,2021-03-13 12:30:00,245,Leeds,LED,80,Chelsea,CHE,0,0,0.382957,0.971054,0.1358,0.3647,0.4995
14706,True,2021-03-13 15:00:00,78,Crystal Palace,CRY,76,West Bromwich Albion,WBA,1,0,1.30694,0.513439,0.6416,0.2594,0.099
14707,True,2021-03-13 17:30:00,72,Everton,EVE,92,Burnley,BUR,1,2,1.69849,0.74852,0.6458,0.2217,0.1325
14708,True,2021-03-13 20:00:00,228,Fulham,FLH,88,Manchester City,MCI,0,3,0.449499,2.72578,0.0073,0.0514,0.9413
14713,True,2021-03-14 12:00:00,74,Southampton,SOU,220,Brighton,BRI,1,2,1.03495,0.895967,0.3796,0.3355,0.2849
14710,True,2021-03-14 14:00:00,75,Leicester,LEI,238,Sheffield United,SHE,5,0,4.54571,0.0934777,0.9969,0.0028,0.0003
14705,True,2021-03-14 16:30:00,83,Arsenal,ARS,82,Tottenham,TOT,2,1,1.56529,0.705566,0.6294,0.2781,0.0925
14711,True,2021-03-14 19:15:00,89,Manchester United,MUN,81,West Ham,WHU,1,0,1.70128,0.463737,0.7121,0.2097,0.0782
14714,True,2021-03-15 20:00:00,229,Wolverhampton Wanderers,WOL,87,Liverpool,LIV,0,1,1.29175,1.0552,0.4272,0.2998,0.273
14718,True,2021-03-19 20:00:00,228,Fulham,FLH,245,Leeds,LED,1,2,1.47498,1.40706,0.3806,0.2745,0.3449
14715,True,2021-03-20 20:00:00,220,Brighton,BRI,86,Newcastle United,NEW,3,0,0.951921,0.100945,0.6071,0.3553,0.0376
14724,True,2021-03-21 15:00:00,81,West Ham,WHU,83,Arsenal,ARS,3,3,2.50629,1.35217,0.6805,0.1962,0.1233
14606,True,2021-03-21 19:30:00,71,Aston Villa,AVL,82,Tottenham,TOT,0,2,0.439681,1.72011,0.0436,0.1674,0.789
14727,True,2021-04-03 11:30:00,80,Chelsea,CHE,76,West Bromwich Albion,WBA,2,5,2.55917,1.38315,0.6651,0.1824,0.1525
14729,True,2021-04-03 14:00:00,245,Leeds,LED,238,Sheffield United,SHE,2,1,2.50597,0.867652,0.7805,0.1599,0.0596
14730,True,2021-04-03 16:30:00,75,Leicester,LEI,88,Manchester City,MCI,0,2,0.284781,1.98438,0.0283,0.1346,0.8371
14725,True,2021-04-03 19:00:00,83,Arsenal,ARS,87,Liverpool,LIV,0,3,0.161161,2.43732,0.0079,0.0691,0.923
14733,True,2021-04-04 11:00:00,74,Southampton,SOU,92,Burnley,BUR,3,2,2.40272,1.50285,0.6005,0.2275,0.172
14732,True,2021-04-04 13:05:00,86,Newcastle United,NEW,82,Tottenham,TOT,2,2,3.30098,2.43683,0.597,0.225,0.178
14726,True,2021-04-04 15:30:00,71,Aston Villa,AVL,228,Fulham,FLH,3,1,1.52229,1.52172,0.3485,0.2992,0.3523
14731,True,2021-04-04 18:30:00,89,Manchester United,MUN,220,Brighton,BRI,2,1,1.73474,1.41071,0.4341,0.3034,0.2625
14728,True,2021-04-05 17:00:00,72,Everton,EVE,78,Crystal Palace,CRY,1,1,2.53386,0.603749,0.8213,0.1246,0.0541
14734,True,2021-04-05 19:15:00,229,Wolverhampton Wanderers,WOL,81,West Ham,WHU,2,3,1.95649,1.59694,0.4676,0.2413,0.2911
14738,True,2021-04-09 19:00:00,228,Fulham,FLH,229,Wolverhampton Wanderers,WOL,0,1,0.733154,0.428134,0.4003,0.4043,0.1954
14740,True,2021-04-10 11:30:00,88,Manchester City,MCI,245,Leeds,LED,1,2,1.98825,0.17525,0.842,0.1385,0.0195
14739,True,2021-04-10 14:00:00,87,Liverpool,LIV,71,Aston Villa,AVL,2,1,2.14592,0.760621,0.7214,0.1886,0.09
14737,True,2021-04-10 16:30:00,78,Crystal Palace,CRY,80,Chelsea,CHE,1,4,0.602167,3.85472,0.004,0.0373,0.9587
14736,True,2021-04-11 11:00:00,92,Burnley,BUR,86,Newcastle United,NEW,1,2,1.84262,1.34279,0.4886,0.259,0.2524
14744,True,2021-04-11 13:05:00,81,West Ham,WHU,75,Leicester,LEI,3,2,1.02408,1.17188,0.302,0.3279,0.3701
14742,True,2021-04-11 15:30:00,82,Tottenham,TOT,89,Manchester United,MUN,1,3,0.921801,2.09737,0.0924,0.1919,0.7157
14741,True,2021-04-11 18:00:00,238,Sheffield United,SHE,83,Arsenal,ARS,0,3,0.315121,1.93838,0.032,0.1343,0.8337
14743,True,2021-04-12 17:00:00,76,West Bromwich Albion,WBA,74,Southampton,SOU,3,0,2.77089,1.5002,0.6857,0.1872,0.1271
14735,True,2021-04-12 19:15:00,220,Brighton,BRI,72,Everton,EVE,0,0,1.16465,0.306287,0.5916,0.3146,0.0938
14748,True,2021-04-16 19:00:00,72,Everton,EVE,82,Tottenham,TOT,2,2,2.26022,1.4815,0.5766,0.2344,0.189
14752,True,2021-04-17 11:30:00,86,Newcastle United,NEW,81,West Ham,WHU,3,2,2.4314,2.06741,0.4656,0.2547,0.2797
14754,True,2021-04-17 19:15:00,229,Wolverhampton Wanderers,WOL,238,Sheffield United,SHE,1,0,1.22604,0.295925,0.682,0.2514,0.0666
14745,True,2021-04-18 12:30:00,83,Arsenal,ARS,228,Fulham,FLH,1,1,2.85573,0.839128,0.8755,0.1066,0.0179
14751,True,2021-04-18 15:00:00,89,Manchester United,MUN,92,Burnley,BUR,3,1,2.87455,0.959804,0.8479,0.1129,0.0392
14749,True,2021-04-19 19:00:00,245,Leeds,LED,87,Liverpool,LIV,1,1,2.59719,1.60043,0.6186,0.193,0.1884
14747,True,2021-04-20 19:00:00,80,Chelsea,CHE,220,Brighton,BRI,0,0,0.807348,0.459568,0.4424,0.3754,0.1822
14722,True,2021-04-21 19:00:00,82,Tottenham,TOT,74,Southampton,SOU,2,1,1.28824,1.06134,0.3738,0.3948,0.2314
14746,True,2021-04-21 19:15:00,71,Aston Villa,AVL,88,Manchester City,MCI,1,2,0.801733,1.5634,0.1609,0.2592,0.5799
14750,True,2021-04-22 19:00:00,75,Leicester,LEI,76,West Bromwich Albion,WBA,3,0,2.6712,0.277126,0.9217,0.0646,0.0137
14755,True,2021-04-23 19:00:00,83,Arsenal,ARS,72,Everton,EVE,0,1,0.735767,0.529676,0.3705,0.4035,0.226
14760,True,2021-04-24 11:30:00,87,Liverpool,LIV,86,Newcastle United,NEW,1,1,2.84708,0.860694,0.8163,0.1263,0.0574
14763,True,2021-04-24 16:30:00,81,West Ham,WHU,80,Chelsea,CHE,0,1,0.267123,2.52059,0.0114,0.0683,0.9203
14762,True,2021-04-24 19:00:00,238,Sheffield United,SHE,220,Brighton,BRI,1,0,0.786324,2.06038,0.0692,0.1939,0.7369
14764,True,2021-04-25 11:00:00,229,Wolverhampton Wanderers,WOL,92,Burnley,BUR,0,4,0.351673,2.24049,0.022,0.0914,0.8866
14758,True,2021-04-25 13:00:00,245,Leeds,LED,89,Manchester United,MUN,0,0,0.216834,1.11635,0.0668,0.3229,0.6103
14756,True,2021-04-25 18:00:00,71,Aston Villa,AVL,76,West Bromwich Albion,WBA,2,2,2.65394,1.56764,0.6499,0.209,0.1411
14759,True,2021-04-26 19:00:00,75,Leicester,LEI,78,Crystal Palace,CRY,2,1,1.23419,0.723112,0.4787,0.3373,0.184
14772,True,2021-04-30 19:00:00,74,Southampton,SOU,75,Leicester,LEI,1,1,0.954057,2.51518,0.0622,0.1703,0.7675
14768,True,2021-05-01 11:30:00,78,Crystal Palace,CRY,88,Manchester City,MCI,0,2,0.361866,2.04443,0.0363,0.1388,0.8249
14765,True,2021-05-01 14:00:00,220,Brighton,BRI,245,Leeds,LED,2,0,2.52542,0.510874,0.8643,0.1069,0.0288
14767,True,2021-05-01 16:30:00,80,Chelsea,CHE,228,Fulham,FLH,2,0,1.8433,0.290042,0.8231,0.1413,0.0356
14769,True,2021-05-01 19:00:00,72,Everton,EVE,71,Aston Villa,AVL,1,2,1.223,1.58811,0.2579,0.2757,0.4664
14771,True,2021-05-02 13:00:00,86,Newcastle United,NEW,83,Arsenal,ARS,0,2,0.172988,1.78751,0.0241,0.1411,0.8348
14773,True,2021-05-02 18:15:00,82,Tottenham,TOT,238,Sheffield United,SHE,4,0,2.26016,0.469026,0.8305,0.127,0.0425
14774,True,2021-05-03 17:00:00,76,West Bromwich Albion,WBA,229,Wolverhampton Wanderers,WOL,1,1,1.07133,0.844138,0.4226,0.3202,0.2572
14766,True,2021-05-03 19:15:00,92,Burnley,BUR,81,West Ham,WHU,1,2,1.68312,2.42477,0.2109,0.2441,0.545
14779,True,2021-05-07 19:00:00,75,Leicester,LEI,86,Newcastle United,NEW,2,4,2.315,2.87261,0.2655,0.2085,0.526
14778,True,2021-05-08 11:30:00,245,Leeds,LED,82,Tottenham,TOT,3,1,2.55216,1.03384,0.7578,0.1565,0.0857
14782,True,2021-05-08 14:00:00,238,Sheffield United,SHE,78,Crystal Palace,CRY,0,2,0.639325,2.25382,0.07,0.1595,0.7705
14781,True,2021-05-08 16:30:00,88,Manchester City,MCI,80,Chelsea,CHE,1,2,1.79168,0.619724,0.7182,0.2005,0.0813
14780,True,2021-05-08 19:15:00,87,Liverpool,LIV,74,Southampton,SOU,2,0,2.26367,1.2289,0.6337,0.2173,0.149
14784,True,2021-05-09 11:00:00,229,Wolverhampton Wanderers,WOL,220,Brighton,BRI,2,1,1.1199,0.27571,0.6073,0.3084,0.0843
14776,True,2021-05-09 13:05:00,71,Aston Villa,AVL,89,Manchester United,MUN,1,3,0.565472,1.88793,0.0706,0.1774,0.752
14783,True,2021-05-09 15:30:00,81,West Ham,WHU,72,Everton,EVE,0,1,1.09704,1.56222,0.2139,0.3101,0.476
14775,True,2021-05-09 18:00:00,83,Arsenal,ARS,76,West Bromwich Albion,WBA,3,1,1.07042,1.83076,0.1771,0.242,0.5809
14777,True,2021-05-10 19:00:00,228,Fulham,FLH,92,Burnley,BUR,0,2,0.778074,1.65831,0.1531,0.2403,0.6066
14788,True,2021-05-11 17:00:00,89,Manchester United,MUN,75,Leicester,LEI,1,2,0.212874,0.991522,0.0739,0.3307,0.5954
14753,True,2021-05-11 21:00:00,74,Southampton,SOU,78,Crystal Palace,CRY,3,1,1.58872,1.32586,0.4176,0.3071,0.2753
14790,True,2021-05-12 19:15:00,80,Chelsea,CHE,83,Arsenal,ARS,0,1,1.56786,0.692043,0.5977,0.2762,0.1261
14770,True,2021-05-13 19:15:00,89,Manchester United,MUN,87,Liverpool,LIV,2,4,1.71328,2.938,0.1547,0.173,0.6723
14616,True,2021-05-13 21:00:00,71,Aston Villa,AVL,72,Everton,EVE,0,0,0.558976,0.975408,0.2001,0.3438,0.4561
14791,True,2021-05-14 19:00:00,86,Newcastle United,NEW,88,Manchester City,MCI,3,4,2.18312,1.477,0.5786,0.2559,0.1655
14786,True,2021-05-15 11:30:00,92,Burnley,BUR,245,Leeds,LED,0,4,1.41338,1.85654,0.2605,0.2571,0.4824
14792,True,2021-05-15 14:00:00,74,Southampton,SOU,228,Fulham,FLH,3,1,2.29146,0.875957,0.7254,0.1717,0.1029
14785,True,2021-05-15 19:00:00,220,Brighton,BRI,81,West Ham,WHU,1,1,0.922587,1.92378,0.1388,0.2215,0.6397
14794,True,2021-05-16 11:00:00,78,Crystal Palace,CRY,71,Aston Villa,AVL,3,2,1.95285,1.2303,0.5805,0.2413,0.1782
14793,True,2021-05-16 13:05:00,82,Tottenham,TOT,229,Wolverhampton Wanderers,WOL,2,0,3.13947,1.09206,0.8344,0.1112,0.0544
14789,True,2021-05-16 15:30:00,76,West Bromwich Albion,WBA,87,Liverpool,LIV,1,2,1.14202,2.07854,0.1776,0.2271,0.5953
14787,True,2021-05-16 18:00:00,72,Everton,EVE,238,Sheffield United,SHE,0,1,1.24609,1.391,0.2805,0.3451,0.3744
14800,True,2021-05-18 17:00:00,89,Manchester United,MUN,228,Fulham,FLH,1,1,0.92243,0.872643,0.3388,0.3338,0.3274
14802,True,2021-05-18 17:00:00,74,Southampton,SOU,245,Leeds,LED,0,2,1.3084,1.58132,0.2758,0.2938,0.4304
14795,True,2021-05-18 18:00:00,220,Brighton,BRI,88,Manchester City,MCI,3,2,1.22824,1.07139,0.3705,0.3206,0.3089
14797,True,2021-05-18 19:15:00,80,Chelsea,CHE,75,Leicester,LEI,2,1,2.86149,0.832596,0.8552,0.1094,0.0354
14799,True,2021-05-19 17:00:00,72,Everton,EVE,229,Wolverhampton Wanderers,WOL,1,0,0.670997,0.265526,0.4117,0.4584,0.1299
14801,True,2021-05-19 17:00:00,86,Newcastle United,NEW,238,Sheffield United,SHE,1,0,1.82508,0.882242,0.6308,0.2284,0.1408
14803,True,2021-05-19 17:00:00,82,Tottenham,TOT,71,Aston Villa,AVL,1,2,0.89279,1.63669,0.1764,0.26,0.5636
14798,True,2021-05-19 18:00:00,78,Crystal Palace,CRY,83,Arsenal,ARS,1,3,0.998377,1.7945,0.1501,0.2421,0.6078
14796,True,2021-05-19 19:15:00,92,Burnley,BUR,87,Liverpool,LIV,0,3,0.837048,2.73316,0.0603,0.1284,0.8113
14804,True,2021-05-19 19:15:00,76,West Bromwich Albion,WBA,81,West Ham,WHU,1,3,1.10741,3.56991,0.0175,0.0659,0.9166
14805,True,2021-05-23 15:00:00,83,Arsenal,ARS,220,Brighton,BRI,2,0,0.772904,0.193968,0.4749,0.4374,0.0877
14806,True,2021-05-23 15:00:00,71,Aston Villa,AVL,80,Chelsea,CHE,2,1,0.980413,3.43414,0.0296,0.0819,0.8885
14807,True,2021-05-23 15:00:00,228,Fulham,FLH,86,Newcastle United,NEW,0,2,0.98902,1.60157,0.177,0.2746,0.5484
14808,True,2021-05-23 15:00:00,245,Leeds,LED,76,West Bromwich Albion,WBA,3,1,2.49009,1.02209,0.7524,0.1582,0.0894
14809,True,2021-05-23 15:00:00,75,Leicester,LEI,82,Tottenham,TOT,2,4,1.82554,1.85229,0.3328,0.3403,0.3269
14810,True,2021-05-23 15:00:00,87,Liverpool,LIV,78,Crystal Palace,CRY,2,0,2.20348,0.772317,0.7516,0.173,0.0754
14811,True,2021-05-23 15:00:00,88,Manchester City,MCI,72,Everton,EVE,5,0,2.88355,1.07258,0.7906,0.1483,0.0611
14812,True,2021-05-23 15:00:00,238,Sheffield United,SHE,92,Burnley,BUR,1,0,0.420006,0.558508,0.2153,0.467,0.3177
14813,True,2021-05-23 15:00:00,81,West Ham,WHU,74,Southampton,SOU,3,0,1.98344,1.35179,0.5303,0.2337,0.236
14814,True,2021-05-23 15:00:00,229,Wolverhampton Wanderers,WOL,89,Manchester United,MUN,1,2,0.701256,2.05229,0.0767,0.1725,0.7508
