id,player_name,games,time,goals,xG,assists,xA,shots,key_passes,yellow_cards,red_cards,position,team_title,npg,npxG,xGChain,xGBuildup
1250,Mohamed Salah,34,2730,22,23.196804136037827,13,9.79082047007978,131,62,1,0,F S,Liverpool,17,18.629791125655174,31.59502036124468,11.13370157405734
453,Son Heung-Min,34,2961,21,14.554253995418549,7,7.795095674693584,79,72,1,0,F M,Tottenham,21,14.554253995418549,26.657693669199944,9.802724421955645
2371,Cristiano Ronaldo,30,2468,18,17.212839871644974,3,4.424966126680374,110,26,8,0,F S,Manchester United,15,14.92933338880539,23.25371290743351,7.720640169456601
647,Harry Kane,36,3139,16,19.978337548673153,8,9.067965619266033,126,45,5,0,F M S,Tottenham,12,16.93366226181388,29.77435316890478,9.02004567719996
447,Kevin De Bruyne,29,2124,15,5.611510680988431,7,10.093763768672943,73,82,2,0,M S,Manchester City,15,5.611510680988431,18.268640648573637,8.496753187850118
838,Sadio Mané,33,2743,15,16.40874608233571,2,5.05762923322618,95,35,5,0,F S,Liverpool,15,16.40874608233571,27.149704538285732,10.406977957114577
6854,Diogo Jota,34,2338,15,17.114243868738413,4,5.8745966255664825,87,40,3,0,F S,Liverpool,15,17.114243868738413,25.502209469676018,6.876807759515941
755,Jamie Vardy,24,1717,14,8.78356222063303,2,1.605514582246542,50,18,2,0,F S,Leicester,14,8.78356222063303,10.857163469307125,1.4278109157457948
522,Wilfried Zaha,32,2672,13,10.026322243735194,1,4.773070923984051,67,44,4,1,F M S,Crystal Palace,8,4.698140282183886,11.892117999494076,3.808694246225059
618,Raheem Sterling,29,2088,13,15.778135957196355,4,4.37632742151618,58,40,1,0,F M S,Manchester City,11,13.494629429653287,22.446916103363037,9.665588729083538
998,Ivan Toney,32,2815,12,11.921832252293825,5,7.34353103581816,84,43,7,0,F S,Brentford,7,8.116024870425463,12.082744801416993,2.3933650525286794
1776,Jarrod Bowen,35,2913,12,12.86333753168583,10,5.819739578291774,79,41,6,0,F M S,West Ham,12,12.86333753168583,21.63459762558341,6.5497208666056395
750,Riyad Mahrez,27,1409,11,9.98781887255609,5,3.844531831331551,60,38,0,0,F M S,Manchester City,7,6.18197456561029,14.060216527432203,6.128534806892276
6818,James Maddison,34,2398,11,6.17591860704124,7,4.820218922570348,71,45,3,0,F M S,Leicester,11,6.17591860704124,13.74154794216156,5.7076166439801455
7322,Bukayo Saka,37,2953,11,9.61476887948811,6,7.542616169899702,94,66,6,0,F M S,Arsenal,9,8.092431204393506,18.93877119012177,8.864322111010551
7696,Teemu Pukki,36,3188,11,11.328746659681201,3,3.9792558010667562,68,26,4,0,F,Norwich,8,9.04527691937983,11.769930079579353,1.0434091771021485
7768,Mason Mount,31,2278,11,7.994773898273706,10,6.737353276461363,71,56,4,0,F M S,Chelsea,10,7.233605120331049,17.15113452076912,7.374272804707289
8865,Ollie Watkins,34,2880,11,11.41128134727478,1,2.8967703599482775,76,33,7,0,F S,Aston Villa,10,10.6501125395298,16.981723895296454,5.538891929201782
1228,Bruno Fernandes,35,3045,10,9.103732449933887,6,8.811853212304413,85,88,9,0,F M S,Manchester United,10,7.58139475248754,22.888669826090336,11.142259798943996
6026,Richarlison,30,2532,10,10.013772347010672,5,4.383790701627731,74,29,8,0,F M S,Everton,7,7.7303026700392365,11.769664378836751,3.004405416548252
7230,Emile Smith-Rowe,33,1928,10,5.363847864791751,2,3.0330061223357916,40,30,1,0,F M S,Arsenal,10,5.363847864791751,10.87411254644394,4.788454652763903
8026,Raphinha,34,2850,10,9.382651202380657,3,6.574380058795214,82,62,7,0,F M S,Leeds,7,7.099144658073783,16.478540716692805,6.144799222238362
9301,Emmanuel Dennis,33,2612,10,7.006807362660766,6,3.959160739555955,60,33,7,1,F M S,Watford,10,7.006807362660766,12.34526323247701,4.416259494610131
531,Michail Antonio,35,2904,9,12.741197757422924,8,5.767141381278634,82,46,6,1,F S,West Ham,9,11.980028860270977,21.026590889319777,6.651938524097204
843,James Ward-Prowse,35,3132,9,4.233634101226926,5,6.395681727677584,52,71,3,1,M,Southampton,6,1.950127562507987,10.966978408396244,9.108741050586104
6055,Phil Foden,27,2051,9,9.073192469775677,5,6.654818393290043,55,37,1,0,F M S,Manchester City,9,9.073192469775677,18.72351924702525,5.981017481535673
594,Romelu Lukaku,26,1571,8,7.02043329924345,0,3.3627563416957855,43,24,1,0,F S,Chelsea,7,6.259264461696148,12.035587709397078,3.9994185492396355
3278,Maxwel Cornet,25,1700,8,6.11096977815032,1,1.6804073229432106,43,14,2,0,F M S,Burnley,8,5.349800940603018,7.875782549381256,2.5905789164826274
3585,Said Benrahma,32,2208,8,6.155029330402613,6,4.772109419107437,63,32,0,0,F M S,West Ham,8,6.155029330402613,13.894499063491821,4.217210844159126
3621,Neal Maupay,31,2229,8,7.981404986232519,2,2.4426043033599854,58,23,6,0,F S,Brighton,7,6.459067311137915,12.34016140550375,4.732315445318818
3635,Bernardo Silva,34,2794,8,7.7719772439450026,4,6.523827677592635,48,57,6,0,F M S,Manchester City,8,7.7719772439450026,25.662061601877213,14.08336966112256
5543,Gabriel Jesus,27,1795,8,9.449451245367527,8,5.7631616704165936,61,36,1,0,F M S,Manchester City,7,8.688282527029514,18.127017129212618,5.837615333497524
7698,Leandro Trossard,34,2830,8,7.9615775514394045,3,5.277912247925997,73,47,2,0,D F M S,Brighton,7,7.200408698990941,16.139062136411667,5.85692944470793
9040,Conor Gallagher,33,2773,8,7.62197333201766,3,4.123231641948223,51,38,10,0,M S,Crystal Palace,8,7.62197333201766,14.160996306687593,5.389100715517998
986,Danny Ings,29,1916,7,6.8466622196137905,6,1.4444686193019152,49,15,4,0,F S,Aston Villa,6,6.085493382066488,7.999433903023601,2.1089938059449196
5220,Kai Havertz,28,1739,7,9.365674655884504,3,2.489207612350583,51,19,3,0,F M S,Chelsea,7,9.365674655884504,15.675979886204004,4.515232276171446
5786,Yoane Wissa,29,1140,7,3.2363185891881585,0,0.538046233355999,29,7,0,0,F M S,Brentford,7,3.2363185891881585,4.191272934898734,1.748505943454802
7700,Che Adams,29,2012,7,8.19041708111763,3,2.8459400180727243,48,25,0,0,F M S,Southampton,7,8.19041708111763,10.202082507312298,1.4006275553256273
8720,Jack Harrison,34,2570,7,5.050174405798316,1,3.448970664292574,40,42,3,0,F M S,Leeds,7,5.050174405798316,9.047317460179329,4.315698942169547
314,Ilkay Gündogan,26,1833,6,8.247846961021423,4,4.720961081795394,52,37,1,0,M S,Manchester City,6,8.247846961021423,19.872517578303814,8.718044254928827
468,Callum Wilson,17,1311,6,5.672035542316735,0,0.5048654396086931,31,9,4,0,F S,Newcastle United,5,4.910866682417691,4.429343732073903,0.6320266528055072
1389,Jorginho,29,2285,6,5.913261387497187,2,2.8927323017269373,16,27,5,0,M S,Chelsea,0,0.5850795023143291,16.2018467746675,15.193449821323156
2335,Pablo Fornals,35,2722,6,5.127220379188657,3,5.900949541479349,43,46,4,0,F M S,West Ham,6,5.127220379188657,17.54688398167491,8.292441008612514
2381,Rodrigo,30,2190,6,5.2890941593796015,1,3.544658750295639,47,37,9,0,F M S,Leeds,5,4.527925299480557,10.369678694754839,3.5588289853185415
2496,Rodri,32,2811,6,2.6101451441645622,2,1.4577737227082253,42,26,5,0,M,Manchester City,6,2.6101451441645622,25.147417046129704,22.95165590196848
2517,Martin Odegaard,35,2713,6,4.000044092535973,4,6.313380083069205,50,70,4,0,M S,Arsenal,6,4.000044092535973,17.41894955560565,10.498412917368114
2662,Christian Pulisic,22,1276,6,6.095077715814114,2,1.2932883873581886,28,15,2,0,D F M S,Chelsea,6,6.095077715814114,8.857729310169816,2.1257928386330605
3697,Odsonne Edouard,27,1499,6,6.533585656434298,4,2.1151919793337584,40,20,3,0,F M S,Crystal Palace,5,5.7724167592823505,10.147728610783815,2.6026963628828526
4105,Raúl Jiménez,33,2561,6,7.07138127181679,3,2.818504272028804,57,36,5,2,F M S,Wolverhampton Wanderers,5,6.310212434269488,11.575517795979977,3.91928453091532
5556,Ademola Lookman,25,1457,6,4.781364368274808,0,1.8123618848621845,26,23,2,0,F M S,Leicester,6,4.781364368274808,10.433894969522953,4.6649282947182655
5956,Youri Tielemans,31,2548,6,4.224763482809067,4,4.306583674624562,58,37,3,0,M S,Leicester,4,2.702425740659237,13.497194770723581,7.784784888848662
6681,Harvey Barnes,31,2031,6,6.151662597432733,9,3.832257553935051,64,27,2,0,F M S,Leicester,6,6.151662597432733,11.845707884058356,3.7295231074094772
8384,Armando Broja,32,1986,6,5.8937302101403475,0,1.4606568217277527,45,10,2,0,F S,Southampton,6,5.8937302101403475,8.278901407495141,2.0138739021494985
8941,Jacob Ramsey,33,2407,6,3.822880994528532,1,2.036960224620998,34,21,6,0,F M S,Aston Villa,6,3.822880994528532,11.186520819552243,6.273743255063891
101,Allan Saint-Maximin,34,2748,5,5.3990582767874,4,4.649367516860366,63,48,5,0,F M S,Newcastle United,5,5.3990582767874,13.501496158540249,3.898579236585647
465,Joshua King,31,2175,5,8.284283723682165,3,3.9450604636222124,49,34,5,0,F M S,Watford,4,7.523114915937185,11.795769101940095,2.4824991365894675
482,Roberto Firmino,19,964,5,5.185094505548477,3,1.695218639448285,29,14,3,0,F S,Liverpool,5,5.185094505548477,11.263076696544886,5.513498682528734
501,Danny Welbeck,24,1374,5,7.501149397343397,0,0.6259737047366798,39,14,0,0,F M S,Brighton,5,7.501149397343397,10.239346351008862,2.5765668535605073
535,Manuel Lanzini,29,1718,5,3.375076437368989,3,2.5940793622285128,16,23,2,0,M S,West Ham,2,1.0915699042379856,8.129730243235826,7.20473900437355
762,Demarai Gray,33,2276,5,4.201316025108099,4,4.42934506945312,62,42,3,0,F M S,Everton,5,4.201316025108099,10.25001966394484,3.400388240814209
3420,Fabinho,29,2320,5,5.033521069213748,1,1.2622061632573605,21,17,7,0,M S,Liverpool,3,3.5111833792179823,10.56733482517302,9.501622328534722
4456,Chris Wood,33,2721,5,8.213469859212637,0,1.3659997982904315,51,19,1,0,F S,"Burnley,Newcastle United",4,7.452301021665335,8.77230853959918,2.9237893614917994
5555,Dominic Calvert-Lewin,16,1207,5,6.202484052628279,1,0.724772110581398,32,8,2,0,F S,Everton,3,3.9190143309533596,4.8983990252017975,1.1879784800112247
5675,Ismaila Sarr,22,1872,5,4.251837534829974,2,2.9239769615232944,39,21,2,0,F M S,Watford,5,3.490668697282672,7.5956596452742815,2.060204013250768
5735,Jean-Philippe Mateta,22,1153,5,5.8469699919223785,1,0.7184609286487103,37,7,2,0,F S,Crystal Palace,5,5.8469699919223785,6.872573535889387,2.1351874209940434
6954,Juan Camilo Hernández,24,1107,5,2.664222000166774,2,1.699853972531855,33,20,3,0,F M S,Watford,5,2.664222000166774,4.761351848952472,1.8195049250498414
7490,Mason Greenwood,18,1305,5,4.4807307831943035,1,1.329086773097515,48,17,1,0,F M S,Manchester United,5,4.4807307831943035,6.188843723386526,1.746659392490983
7752,Gabriel Martinelli,28,1787,5,6.65066453255713,5,3.467126440256834,47,31,1,1,F M S,Arsenal,5,6.65066453255713,9.79873725399375,2.397996811196208
8067,Reece James,25,1776,5,2.5434880815446377,8,6.361908309161663,37,45,4,1,D M S,Chelsea,5,2.5434880815446377,14.728844871744514,10.796840198338032
8288,Tomas Soucek,34,2972,5,5.452485274523497,1,2.167179636657238,43,21,2,0,M S,West Ham,5,5.452485274523497,9.494350206106901,5.3822509199380875
8327,Bruno Guimarães,16,941,5,4.057384853251278,1,1.7428600480780005,21,12,4,0,M S,Newcastle United,5,4.057384853251278,5.280597696080804,2.5851144157350063
8379,Alexis Mac Allister,32,2012,5,6.82213915232569,2,1.9687977684661746,59,28,4,0,F M S,Brighton,3,4.538632654584944,10.057535041123629,5.720503196120262
8845,Hee-Chan Hwang,29,1735,5,3.828960764221847,1,1.6057071471586823,24,15,2,0,F M S,Wolverhampton Wanderers,5,3.828960764221847,8.07804443128407,3.5777554009109735
9738,Patson Daka,23,1164,5,5.109794383868575,3,1.8195263147354126,26,13,2,0,F S,Leicester,5,5.109794383868575,7.503917813301086,2.162383816204965
65,Timo Werner,21,1291,4,6.166445337235928,1,0.3183773960918188,45,8,1,0,F M S,Chelsea,4,6.166445337235928,9.693839389830828,3.6192978844046593
87,Joelinton,34,2544,4,3.8162801675498486,1,1.880340002477169,45,29,8,0,F M S,Newcastle United,4,3.8162801675498486,6.516403349116445,2.5585671132430434
318,Pierre-Emerick Aubameyang,14,1047,4,6.893220115453005,1,0.8014161214232445,34,9,3,0,F S,Arsenal,4,5.370882365852594,5.4393598940223455,0.963660548441112
488,Philippe Coutinho,18,1289,4,3.2661321936175227,3,2.845977713353932,41,24,0,0,F M S,Aston Villa,4,3.2661321936175227,8.681098929606378,4.497149965725839
556,Marcus Rashford,25,1229,4,2.820377178490162,2,2.4275266602635384,22,9,2,0,F M S,Manchester United,4,2.820377178490162,6.920496237464249,1.9814567910507321
606,Christian Benteke,25,1112,4,4.719367414712906,1,1.665178306400776,38,14,3,0,F S,Crystal Palace,4,4.719367414712906,6.597355835139751,1.3307107398286462
620,Kelechi Iheanacho,26,1236,4,3.6333334799855947,5,2.709091203287244,31,17,1,0,F S,Leicester,4,3.6333334799855947,7.717558667063713,1.7873293738812208
757,Jeffrey Schlupp,31,1746,4,3.503718053922057,1,1.953117996454239,31,17,1,0,F M S,Crystal Palace,4,3.503718053922057,6.873649697750807,2.8839059472084045
1621,Marcos Alonso,28,2185,4,3.4942619670182467,4,5.042935017496347,43,44,8,0,D M S,Chelsea,4,3.4942619670182467,13.581606924533844,9.749325513839722
2203,Emiliano Buendía,34,1817,4,3.053930699825287,6,4.65300552919507,44,47,1,0,F M S,Aston Villa,4,3.053930699825287,10.513431088998914,5.258162213489413
2498,Aymeric Laporte,32,2758,4,4.386686203069985,0,0.6116267275065184,34,9,5,1,D,Manchester City,4,4.386686203069985,17.69687256589532,17.279991885647178
3277,Alexandre Lacazette,29,1780,4,7.454817095771432,7,3.2550123035907745,44,29,0,0,F M S,Arsenal,2,5.17131052352488,8.97893326729536,3.0975797437131405
5595,Daniel James,34,2516,4,7.710608310997486,4,4.2782022804021835,54,27,7,1,F M S,"Leeds,Manchester United",4,7.710608310997486,12.308400500565767,1.3779366295784712
5613,Gabriel,34,2985,4,3.122103787958622,0,0.24852201994508505,28,8,6,1,D,Arsenal,4,3.122103787958622,11.24726287741214,10.85544376540929
6042,Jan Bednarek,31,2637,4,2.792329527437687,0,0.3658812139183283,19,6,10,0,D S,Southampton,4,2.792329527437687,6.62177206762135,6.355031894519925
6482,Eddie Nketiah,20,733,4,4.3538130559027195,1,1.5054699927568436,25,11,3,0,F S,Arsenal,4,4.3538130559027195,7.328064251691103,2.144967356696725
6552,Bryan Mbeumo,34,2844,4,9.45583613961935,7,3.870951171964407,74,33,4,0,F M S,Brentford,3,8.694667272269726,17.351228976622224,6.478674981743097
6817,Fred,27,1962,4,1.0861357701942325,4,2.2861080579459667,14,27,5,0,M S,Manchester United,4,1.0861357701942325,8.247488303110003,5.796061209402978
6851,Conor Coady,37,3279,4,2.326475089415908,0,0.07832194026559591,12,3,4,0,D,Wolverhampton Wanderers,4,2.326475089415908,5.313906924799085,5.287557749077678
6853,Rúben Neves,32,2584,4,1.1209038719534874,2,2.170767532661557,42,23,9,0,M S,Wolverhampton Wanderers,4,1.1209038719534874,7.708270074799657,6.047516990453005
6894,Mohamed Elyounoussi,29,1976,4,6.580140743404627,2,2.0669486708939075,43,25,4,0,F M S,Southampton,4,6.580140743404627,8.783888654783368,2.905015926808119
8150,Anthony Gordon,34,2268,4,3.460314018651843,2,3.7609991561621428,44,35,4,0,D F M S,Everton,4,3.460314018651843,7.674532292410731,2.715283407829702
8992,Hakim Ziyech,22,1214,4,2.979537909850478,3,3.6699896082282066,50,28,3,0,F M S,Chelsea,4,2.979537909850478,9.57777889445424,4.815584771335125
9680,Vitaly Janelt,30,2238,4,2.9463862916454673,0,1.8168038874864578,29,23,3,0,D M S,Brentford,4,2.9463862916454673,7.294937337748706,3.164228545501828
10408,Luis Díaz,12,872,4,3.8740488421171904,3,2.059608426876366,35,17,0,0,F S,Liverpool,4,3.8740488421171904,7.727672316133976,2.734684195369482
332,Joel Matip,30,2700,3,2.639138069935143,2,1.112356025725603,31,10,1,0,D,Liverpool,3,2.639138069935143,14.667455397546291,13.266939133405685
484,Divock Origi,7,104,3,1.6754611507058144,0,0,10,0,0,0,S,Liverpool,3,1.6754611507058144,1.5213006287813187,0.3876812756061554
672,Jordan Ayew,31,2036,3,4.29038854688406,3,3.0359318535774946,35,23,2,0,F M S,Crystal Palace,3,4.29038854688406,9.338773401454091,3.073912402614951
675,Jack Grealish,26,1929,3,5.532431211322546,3,5.456199732609093,44,52,3,0,F M S,Manchester City,3,5.532431211322546,18.39808315783739,9.633638110011816
775,Andros Townsend,21,1463,3,2.262586422264576,2,2.849117286503315,21,31,3,0,D F M S,Everton,2,1.5014175921678543,5.317552261054516,2.756821012124419
782,Ben Chilwell,6,540,3,1.298326052725315,1,0.8330149557441473,13,10,0,0,D M,Chelsea,3,1.298326052725315,3.937902458012104,2.8827292025089264
833,Virgil van Dijk,34,3060,3,2.1695875264704227,1,1.5573339480906725,35,9,3,0,D,Liverpool,3,2.1695875264704227,16.267564265057445,16.187632523477077
1653,Michael Keane,31,2709,3,1.2030845796689391,2,1.3396282345056534,19,8,2,1,D S,Everton,3,1.2030845796689391,3.2356548830866814,2.6362133007496595
1654,Ben Mee,21,1839,3,2.5610949099063873,0,1.2749733906239271,19,5,3,0,D,Burnley,3,2.5610949099063873,2.5686994064599276,2.4799908893182874
1801,Pontus Jansson,36,3235,3,4.593423018231988,1,0.5605825018137693,22,5,7,0,D,Brentford,3,4.593423018231988,5.233543008565903,3.731936037540436
1822,Antonio Rüdiger,33,2970,3,2.675494329072535,0,0.7367033679038286,48,12,9,0,D,Chelsea,3,2.675494329072535,17.327926179394126,16.520274363458157
2163,Diego Llorente,27,2261,3,1.9779200851917267,0,0.04781206510961056,10,2,7,0,D,Leeds,3,1.9779200851917267,2.1057816594839096,2.1057816594839096
3288,Thiago Silva,31,2548,3,1.0737613961100578,0,0.25394377671182156,18,7,2,0,D S,Chelsea,3,1.0737613961100578,17.392551102209836,17.193795368541032
5247,Naby Keita,22,1106,3,2.057600213214755,1,1.7124084569513798,25,14,3,0,M S,Liverpool,3,2.057600213214755,7.600397154688835,5.404159836471081
6345,Jadon Sancho,29,1891,3,4.233040288090706,3,4.078670060262084,26,42,0,0,F M S,Manchester United,3,4.233040288090706,12.360888943076134,5.444502018392086
6615,Trevoh Chalobah,20,1459,3,1.177585544064641,1,0.2659642845392227,9,4,2,0,D M S,Chelsea,3,1.177585544064641,7.6829264760017395,7.431490391492844
6691,Dejan Kulusevski,17,1207,3,1.9989446513354778,8,3.9860409256070852,23,23,3,0,F M S,Tottenham,3,1.9989446513354778,10.703642260283232,6.903226189315319
7083,Christian Nørgaard,35,3068,3,4.96903985273093,4,4.047768879681826,27,29,8,0,M,Brentford,3,4.96903985273093,13.346251248382032,7.895425523631275
7723,John McGinn,34,3009,3,1.8280727434903383,4,5.3592440420761704,43,53,8,0,M,Aston Villa,3,1.8280727434903383,12.84035880677402,8.202694291248918
8239,Takumi Minamino,11,162,3,1.7633523494005203,0,0.5603138357400894,7,2,1,0,F S,Liverpool,3,1.7633523494005203,2.637493908405304,0.3138277530670166
8272,João Pedro,27,1529,3,4.301332958042622,1,2.097435846924782,46,18,1,0,F M S,Watford,3,4.301332958042622,8.909479497931898,3.965722531080246
8300,Steven Bergwijn,24,502,3,3.3351891711354256,1,0.8519990518689156,19,7,1,0,F M S,Tottenham,3,3.3351891711354256,4.768475852906704,0.8405307289212942
8864,Matthew Cash,37,3296,3,2.4231264339759946,3,2.9023145139217377,36,28,8,0,D M,Aston Villa,3,2.4231264339759946,10.948537776246667,7.563899600878358
9679,Rico Henry,33,2731,3,1.8999358667060733,0,1.8724432196468115,14,18,2,0,D M S,Brentford,3,1.8999358667060733,8.965089973062277,6.138794570229948
76,Fabian Schär,25,2167,2,0.8395389299839735,2,1.4792817011475563,20,9,4,0,D,Newcastle United,2,0.8395389299839735,3.3704138807952404,2.830272039398551
343,Pierre-Emile Højbjerg,35,3112,2,2.505684365518391,2,2.303524611517787,30,23,3,0,M,Tottenham,2,2.505684365518391,22.054730661213398,18.293338425457478
500,Alex Iwobi,27,1951,2,2.4030408412218094,2,2.96403519064188,24,35,1,0,D M S,Everton,2,2.4030408412218094,8.39728150330484,4.15666913241148
534,Aaron Cresswell,30,2644,2,0.8389966022223234,3,3.670589474029839,16,31,3,0,D,West Ham,2,0.8389966022223234,10.376058311201632,9.50721357576549
558,Jesse Lingard,16,338,2,0.7739869467914104,0,0.45763893984258175,8,8,1,0,M S,Manchester United,2,0.7739869467914104,1.5397444572299719,0.4106096997857094
579,Nathan Aké,14,920,2,1.3034931290894747,0,0.617275595664978,5,2,0,0,D S,Manchester City,2,1.3034931290894747,4.634196715429425,4.634196715429425
593,Aaron Lennon,27,1526,2,1.0376685224473476,0,0.4255144568160176,12,9,2,0,F M S,Burnley,2,1.0376685224473476,2.492904130369425,1.307701083831489
605,Jordan Henderson,34,2526,2,1.3726860266178846,5,4.131683165207505,31,36,3,0,M S,Liverpool,2,1.3726860266178846,18.297922555357218,14.83205747231841
614,Fernandinho,18,894,2,1.542530208826065,1,1.3410828541964293,17,10,1,0,D M S,Manchester City,2,1.542530208826065,6.291464615613222,5.750091925263405
652,Kieran Trippier,5,344,2,0.22613447904586792,0,0.23517490178346634,2,7,0,0,D S,Newcastle United,2,0.22613447904586792,0.43331777304410934,0.4157572463154793
751,N&#039;Golo Kanté,25,1697,2,1.7649729195982218,4,2.1360772168263793,17,22,2,0,M S,Chelsea,2,1.7649729195982218,11.529992874711752,7.919065211899579
769,Jonjo Shelvey,24,1987,2,0.8790798000991344,1,1.0608123801648617,30,16,5,1,M S,Newcastle United,2,0.8790798000991344,3.950462205335498,2.9192373221740127
772,Moussa Sissoko,35,3132,2,4.133855568245053,1,2.6050240071490407,24,36,5,0,M,Watford,2,4.133855568245053,8.364902092143893,3.7102837190032005
804,Craig Dawson,33,2670,2,2.942394930869341,2,1.042937383055687,25,5,5,1,D S,West Ham,2,2.942394930869341,5.0172340692952275,4.9213647516444325
822,Patrick Bamford,9,558,2,2.9974222853779793,2,1.0315346205607057,20,5,2,0,F S,Leeds,2,2.9974222853779793,3.715275203809142,0.4154012054204941
842,Oriol Romeu,35,2815,2,1.5032136281952262,2,3.0380785278975964,24,37,8,0,M S,Southampton,2,1.5032136281952262,10.534276839345694,8.253744119778275
844,Jay Rodriguez,29,1356,2,4.855188375338912,2,1.9018796645104885,41,12,3,0,F M S,Burnley,2,4.855188375338912,5.3730355547741055,1.0446623675525188
966,Alex Oxlade-Chamberlain,17,783,2,1.1809543520212173,1,1.2662947922945023,21,10,0,0,F M S,Liverpool,2,1.1809543520212173,5.642992157489061,3.540129518136382
985,Mason Holgate,24,2047,2,1.660385251045227,1,0.10458622314035892,7,3,6,1,D M S,Everton,2,1.660385251045227,1.5720058949664235,1.520550579763949
1017,Matej Vydra,22,634,2,1.9705590568482876,3,0.7523251548409462,19,6,1,0,F S,Burnley,2,1.9705590568482876,2.7295809760689735,0.2564481068402529
1078,Sergi Canos,30,2111,2,3.434545408934355,2,2.166495032608509,32,17,6,0,D F M S,Brentford,2,3.434545408934355,6.899683196097612,2.1818063985556364
1683,Ryan Fraser,27,1476,2,2.8667202200740576,3,2.154739622026682,24,25,3,0,F M S,Newcastle United,2,2.8667202200740576,6.576195449568331,2.6878369823098183
1688,Andrew Robertson,28,2460,2,1.7356602605432272,10,6.197533655911684,17,55,5,1,D,Liverpool,2,1.7356602605432272,17.166753388941288,12.887895412743092
1726,Abdoulaye Doucouré,29,2504,2,2.653875428251922,4,2.4187434911727905,34,20,6,0,M S,Everton,2,2.653875428251922,8.230575228109956,3.8371879030019045
1791,Trent Alexander-Arnold,31,2766,2,2.0422475151717663,12,12.27568690571934,48,84,2,0,D,Liverpool,2,2.0422475151717663,20.356793969869614,11.516188904643059
2254,Mateo Kovacic,25,1541,2,1.6888311877846718,5,4.1181420888751745,22,27,4,0,M S,Chelsea,2,1.6888311877846718,12.851388551294804,9.873720191419125
2280,Jonny,12,930,2,0.8668939555063844,0,0.8339496329426765,10,10,1,0,D S,Wolverhampton Wanderers,2,0.8668939555063844,2.8200108911842108,1.7067659720778465
2328,Thomas Partey,24,2045,2,3.022722240537405,1,0.8679597564041615,44,16,6,0,M S,Arsenal,2,3.022722240537405,9.63908451423049,8.366634782403708
3293,Lucas Moura,33,1749,2,3.3637330923229456,5,4.607499711215496,37,32,4,0,F M S,Tottenham,2,3.3637330923229456,12.713162824511528,6.726248217746615
3294,Edinson Cavani,14,655,2,3.650192614644766,1,1.0954007217660546,17,5,0,0,F S,Manchester United,2,3.650192614644766,4.677340652793646,0.6423906339332461
3422,João Moutinho,34,2897,2,1.1245433427393436,1,2.734797403216362,20,38,4,0,M S,Wolverhampton Wanderers,2,1.1245433427393436,10.301101986318827,8.393330361694098
3491,Romain Saiss,31,2721,2,3.198773187585175,0,0.32126787677407265,18,7,6,0,D,Wolverhampton Wanderers,2,3.198773187585175,5.6407568491995335,5.4336167126894
4419,Adam Armstrong,22,1349,2,4.200223512947559,2,1.624623842537403,46,13,1,0,F S,Southampton,2,4.200223512947559,6.153798826038837,0.7304251324385405
6122,Douglas Luiz,33,2643,2,2.220370903611183,3,2.443070529960096,23,36,7,0,M S,Aston Villa,2,2.220370903611183,10.087679451331496,8.290491754189134
6249,Davinson Sánchez,22,1528,2,2.004247263073921,0,0.29199736565351486,13,5,4,0,D S,Tottenham,2,2.004247263073921,7.343478409573436,7.1162652634084225
6441,Ferrán Torres,4,308,2,2.512166380882263,1,0.021644435822963715,13,1,0,0,F,Manchester City,2,2.512166380882263,2.4304773956537247,1.177093531936407
6630,Joe Willock,29,2063,2,3.6774299759417772,0,1.1284043807536364,35,18,0,0,M S,Newcastle United,2,3.6774299759417772,7.496499555185437,3.557702364400029
6852,Matt Doherty,15,864,2,3.0913912020623684,4,2.0252627693116665,16,15,0,0,D M S,Tottenham,2,3.0913912020623684,7.882363393902779,4.257714971899986
6893,Stuart Armstrong,24,1366,2,2.761912815272808,0,1.597467727959156,38,24,1,0,F M S,Southampton,2,2.761912815272808,6.4143386743962765,3.3417598996311426
7052,Wout Weghorst,19,1420,2,4.718043787404895,3,1.8519037403166294,28,14,3,0,F S,Burnley,2,4.718043787404895,5.527003430761397,1.146125272847712
7187,Sergio Reguilón,25,1929,2,2.9716831743717194,3,3.530891317874193,21,28,4,0,D S,Tottenham,2,2.9716831743717194,9.459174590185285,4.919269068166614
7236,Leander Dendoncker,29,1851,2,2.21370698325336,2,0.9651262201368809,21,11,4,0,M S,Wolverhampton Wanderers,2,2.21370698325336,5.038437379524112,3.1770045422017574
7295,Joshua Sargent,26,1578,2,2.0713029727339745,1,0.5363336000591516,23,11,1,0,F M S,Norwich,2,2.0713029727339745,2.816050885245204,0.5686428751796484
7603,Marc Guehi,36,3227,2,2.491802920587361,1,1.2006495026871562,19,6,4,0,D,Crystal Palace,2,2.491802920587361,7.824273723177612,7.775642021559179
7699,Adam Webster,21,1329,2,1.3734299913048744,0,0.0369059294462204,6,1,5,0,D S,Brighton,2,1.3734299913048744,3.1693601943552494,3.1523430459201336
7726,Ezri Konsa Ngoyo,29,2494,2,1.206901450175792,0,0.2706998288631439,14,4,4,2,D,Aston Villa,2,1.206901450175792,4.5427931901067495,4.291602270677686
8291,Daniel Podence,26,1491,2,1.9968183636665344,3,4.245880706235766,35,36,2,0,F M S,Wolverhampton Wanderers,2,1.9968183636665344,6.177928648889065,1.5524316988885403
8323,Josh Brownhill,34,2875,2,1.2014809669926763,3,2.3361686654388905,29,39,10,0,F M S,Burnley,2,1.2014809669926763,5.9730625646188855,4.411199431866407
8716,Luke Ayling,26,2276,2,1.0372713543474674,2,2.3595487466081977,19,10,4,1,D M,Leeds,2,1.0372713543474674,5.340352216735482,4.7539090141654015
8934,Trincão,27,1358,2,3.603013649582863,1,1.4855594541877508,32,14,0,0,F M S,Wolverhampton Wanderers,2,3.603013649582863,6.441429264843464,2.261225925758481
8961,Rúben Dias,29,2403,2,2.535038080997765,4,3.1579904034733772,18,16,5,0,D S,Manchester City,2,2.535038080997765,16.94048324972391,16.11795911192894
9339,Joe Gelhardt,19,627,2,3.8046438936144114,2,1.8083353079855442,23,9,4,0,F S,Leeds,2,3.8046438936144114,5.496319765225053,0.7122738510370255
9524,Anthony Elanga,20,1128,2,2.9089578073471785,2,1.9335438162088394,20,9,0,0,F M S,Manchester United,2,2.9089578073471785,5.851933635771275,2.156328836455941
9733,Nathan Collins,18,1581,2,1.6455224296078086,0,1.4062173776328564,15,4,2,1,D S,Burnley,2,1.6455224296078086,1.364575209096074,1.0342257265001535
9734,Enock Mwepu,17,1000,2,1.9542222321033478,4,1.5841594822704792,18,9,2,0,F M S,Brighton,2,1.9542222321033478,3.469360377639532,1.9820272848010063
9948,Michael Olise,26,1125,2,1.487950176000595,5,4.962619684636593,19,24,4,0,F M S,Crystal Palace,2,1.487950176000595,7.78707505390048,5.30714170075953
204,Granit Xhaka,26,2272,1,1.0924424277618527,2,2.250190238468349,26,30,10,1,D M,Arsenal,1,1.0924424277618527,13.200431812554598,10.710603799670935
229,Thiago Alcántara,24,1480,1,1.5821200776845217,3,2.2269001295790076,23,28,2,0,M S,Liverpool,1,1.5821200776845217,12.196050848811865,9.924882684834301
239,Pascal Groß,28,1954,1,2.7673793844878674,3,5.4972810465842485,22,56,1,0,D F M S,Brighton,1,2.006210559979081,8.939663397148252,4.7067369893193245
508,Calum Chambers,12,911,1,0.26563408225774765,0,0.17693252861499786,5,3,1,0,D M S,"Arsenal,Aston Villa",1,0.26563408225774765,2.5214083567261696,2.3467189222574234
528,Angelo Ogbonna,11,921,1,0.6117199659347534,0,0,3,0,1,0,D,West Ham,1,0.6117199659347534,1.006217548623681,0.9552079532295465
530,James Tomkins,8,540,1,0.6890933271497488,0,0.35278289020061493,4,2,2,0,D S,Crystal Palace,1,0.6890933271497488,0.4859016388654709,0.40568505972623825
533,Mark Noble,10,314,1,1.5223376750946045,0,0,2,0,0,0,M S,West Ham,0,0,2.2363956049084663,2.2363956049084663
553,Anthony Martial,8,202,1,1.1682771295309067,0,0,5,0,0,0,F M S,Manchester United,1,1.1682771295309067,2.6186111494898796,2.0982627272605896
585,Seamus Coleman,30,2663,1,1.1748253414407372,0,0.7962011247873306,9,13,4,0,D,Everton,1,1.1748253414407372,5.379758830182254,3.7577889878302813
586,John Stones,13,1024,1,1.0753566613420844,0,0.1299021802842617,7,3,0,0,D S,Manchester City,1,1.0753566613420844,5.6838691011071205,5.52812397480011
645,Dele Alli,20,908,1,1.5324908690527081,0,1.1060043890029192,7,8,4,0,M S,"Everton,Tottenham",0,0.7713220315054059,2.841472922824323,1.4347542095929384
646,Christian Eriksen,10,845,1,1.3855813071131706,4,3.540766693651676,21,26,1,0,M S,Brentford,1,1.3855813071131706,4.824423149228096,2.7464295085519552
660,Ben Davies,28,2452,1,2.454548324458301,1,0.6462086346000433,17,11,6,0,D S,Tottenham,1,2.454548324458301,11.955578535795212,10.96906816586852
681,César Azpilicueta,26,1994,1,1.2615651059895754,2,2.0757622625678778,11,17,3,0,D M S,Chelsea,1,1.2615651059895754,12.317462369799614,10.240406164899468
712,Jack Cork,19,1599,1,0.6239104885607958,0,0.19218364637345076,5,6,4,0,M,Burnley,1,0.6239104885607958,2.8982278583571315,2.749979610554874
753,Marc Albrighton,17,1113,1,0.4875653088092804,2,1.6947165532037616,4,11,3,0,D F M S,Leicester,1,0.4875653088092804,4.001694034785032,2.9702108800411224
766,Jamaal Lascelles,25,1962,1,1.3373393574729562,0,0.2316509298980236,17,4,5,0,D S,Newcastle United,1,1.3373393574729562,1.4465573458001018,1.4465573458001018
790,Nathan Redmond,26,1746,1,1.5960682472214103,5,4.070743635296822,25,34,0,0,D F M S,Southampton,1,1.5960682472214103,7.319984719157219,3.1884106397628784
807,Jonny Evans,17,1265,1,1.2847998961806297,1,0.42107296735048294,3,3,3,0,D S,Leicester,1,1.2847998961806297,3.5193203259259462,3.424005599692464
813,Salomón Rondón,20,764,1,2.6404220992699265,1,0.6123955380171537,21,8,2,1,F S,Everton,1,2.6404220992699265,3.7154135406017303,0.6350543592125177
839,Shane Long,12,296,1,1.1703607961535454,0,0.129095409065485,9,2,1,0,F S,Southampton,1,1.1703607961535454,1.123903863132,0.10534720867872238
884,Matt Targett,32,2790,1,1.015099878422916,1,3.599182636477053,13,40,3,0,D M,"Aston Villa,Newcastle United",1,1.015099878422916,6.886413387954235,3.8940831627696753
885,Kyle Walker-Peters,31,2541,1,1.327508270740509,2,3.2892225198447704,26,23,5,0,D M S,Southampton,1,1.327508270740509,9.160005323588848,6.425457537174225
900,Adama Traoré,20,1047,1,2.8342397063970566,0,1.3370982483029366,23,18,0,0,F M S,Wolverhampton Wanderers,1,2.8342397063970566,4.7574944868683815,0.9076889548450708
935,Kurt Zouma,23,1993,1,0.8130694516003132,0,0.08388338051736355,6,2,1,0,D,West Ham,1,0.8130694516003132,4.398840080015361,4.268011252395809
1014,Tyler Roberts,23,938,1,2.4348467718809843,1,1.4724860806018114,30,15,5,0,F M S,Leeds,1,2.4348467718809843,4.498326243832707,0.8000432960689068
1024,Tyrone Mings,35,3096,1,1.3756201677024364,3,1.4286501295864582,21,10,10,0,D S,Aston Villa,1,1.3756201677024364,8.173980631865561,7.474556834436953
1032,Kieran Dowell,18,850,1,1.2521577961742878,1,1.2399886790663004,8,16,0,0,F M S,Norwich,1,1.2521577961742878,2.6673108749091625,0.7108497601002455
1042,Tom Davies,5,148,1,1.0068475678563118,0,0,6,0,0,0,M S,Everton,1,1.0068475678563118,1.2285461034625769,0.41930728405714035
1123,Juraj Kucka,26,1928,1,2.5135280722752213,1,1.06155588850379,46,10,3,1,M S,Watford,1,2.5135280722752213,6.473119874484837,4.190753189846873
1652,Matthew Lowton,25,1788,1,0.7788703655824065,2,2.135322643443942,10,17,3,1,D S,Burnley,1,0.7788703655824065,4.234874900430441,3.173535233363509
1665,James Tarkowski,34,3018,1,2.9422342581674457,2,0.45504239294677973,21,9,10,0,D,Burnley,1,2.9422342581674457,5.297961751930416,4.986542111262679
1687,Harry Maguire,29,2428,1,2.237705083563924,0,0.14321286045014858,23,4,7,1,D S,Manchester United,1,2.237705083563924,7.885780449025333,7.624197567813098
1719,Javier Manquillo,19,1273,1,0.3779595121741295,2,0.47096915170550346,4,4,5,0,D S,Newcastle United,1,0.3779595121741295,1.646114058792591,0.8072998095303774
1740,Paul Pogba,20,1371,1,2.1890748646110296,9,3.8411444146186113,33,24,7,1,M S,Manchester United,1,2.1890748646110296,7.561246143653989,3.9273308031260967
1746,Jeff Hendrick,3,65,1,0.017747625708580017,0,0.02281407080590725,1,1,0,0,S,Newcastle United,1,0.017747625708580017,0.16085723228752613,0.12029553577303886
1749,Rob Holding,14,734,1,0.5605970174074173,0,0,4,0,2,1,D S,Arsenal,1,0.5605970174074173,1.9096924476325512,1.9096924476325512
1760,Arthur Masuaku,13,626,1,0.06695627421140671,1,0.7584338430315256,4,2,1,0,D M S,West Ham,1,0.06695627421140671,1.4823225736618042,1.4535083193331957
2245,Raphael Varane,22,1823,1,0.7495004460215569,1,0.21395965851843357,9,4,0,0,D S,Manchester United,1,0.7495004460215569,5.672899808734655,5.460382632911205
2379,João Cancelo,35,3143,1,4.406950215809047,7,5.380688639357686,77,37,7,0,D,Manchester City,1,4.406950215809047,25.303757704794407,20.33417828567326
3303,Ricardo Pereira,13,980,1,0.5782488994300365,2,0.8321368303149939,10,9,3,0,D M,Leicester,1,0.5782488994300365,3.8856499195098877,3.0386384800076485
3729,Hassane Kamara,18,1549,1,0.16435361094772816,0,0.66106500569731,5,10,3,1,D S,Watford,1,0.16435361094772816,3.0575870759785175,2.6923011746257544
4381,Mateusz Klich,32,2114,1,2.5967045221477747,2,1.912577748298645,40,32,5,0,M S,Leeds,1,2.5967045221477747,8.843637618236244,5.269953622482717
4422,Ashley Barnes,22,697,1,1.68276734277606,0,0.416660163551569,16,7,4,0,F S,Burnley,0,0.9215984903275967,2.0338392462581396,0.7710572956129909
5221,Leon Bailey,18,723,1,1.492561537772417,2,0.6773805543780327,21,7,3,0,F M S,Aston Villa,1,1.492561537772417,2.5109053160995245,0.6678763274103403
5264,Caglar Söyüncü,28,2500,1,1.0080843158066273,0,0.08737165294587612,8,3,5,0,D,Leicester,1,1.0080843158066273,5.909221164882183,5.8218495063483715
5553,Declan Rice,35,3085,1,1.0239633219316602,4,1.555866688489914,25,23,8,0,M S,West Ham,1,1.0239633219316602,15.444364160299301,14.13004369288683
5560,Scott McTominay,29,2320,1,1.100506205111742,1,1.6667904648929834,25,22,9,0,M S,Manchester United,1,1.100506205111742,8.253472067415714,6.642907984554768
5568,Connor Roberts,20,1635,1,0.22255559917539358,1,1.1593189612030983,6,13,2,0,D S,Burnley,1,0.22255559917539358,3.643162081949413,2.4138832790777087
5609,Yves Bissouma,25,2086,1,1.0501237441785634,2,0.8448279239237309,21,8,10,0,M S,Brighton,1,1.0501237441785634,8.46088004577905,6.9456668347120285
5612,Anwar El Ghazi,11,380,1,0.9790221825242043,1,0.2625086233019829,8,5,2,0,F M S,"Aston Villa,Everton",0,0.21785331144928932,0.609694505110383,0.30974539183080196
5619,Pierre Lees-Melou,32,2221,1,1.3564580334350467,0,1.8275679778307676,33,24,5,0,M S,Norwich,1,1.3564580334350467,4.951197130605578,3.168470421805978
5656,Nicolas Pepe,19,637,1,3.4136255607008934,1,1.2396217733621597,22,11,0,0,M S,Arsenal,1,3.4136255607008934,5.381676435470581,1.3677191259339452
5962,Tanguy NDombele Alvaro,9,490,1,0.5444412399083376,1,0.6208779122680426,9,4,1,0,M S,Tottenham,1,0.5444412399083376,2.4390930458903313,1.5780103281140327
6030,Zanka,8,514,1,0.1421728879213333,0,0.07679279521107674,2,2,2,0,D S,Brentford,1,0.1421728879213333,1.8502170890569687,1.8271530009806156
6047,Shane Duffy,18,1432,1,0.9077043905854225,0,0.10300938412547112,22,4,7,0,D S,Brighton,1,0.9077043905854225,3.5175383929163218,3.4393274188041687
6048,Lewis Dunk,28,2484,1,1.4920965554192662,0,0.40558061841875315,19,3,3,1,D,Brighton,1,1.4920965554192662,6.286806292831898,6.271562434732914
6062,Isaac Hayden,14,1008,1,0.2894264794886112,0,0.05937807820737362,5,2,5,0,D M S,Newcastle United,1,0.2894264794886112,1.0659869341179729,0.9370966954156756
6063,Jacob Murphy,32,1338,1,2.5881634848192334,2,2.386163341347128,27,20,4,0,D F M S,Newcastle United,1,2.5881634848192334,6.426992944907397,2.2245392622426152
6157,Timothy Castagne,26,2048,1,0.5116465520113707,0,0.967162350192666,6,13,1,0,D M S,Leicester,1,0.5116465520113707,5.362539214082062,4.210963410325348
6274,Andriy Yarmolenko,18,271,1,0.7675482928752899,0,0.21346846129745245,11,4,1,0,M S,West Ham,1,0.7675482928752899,1.6112457271665335,0.7728941850364208
6276,Nikola Vlasic,19,548,1,0.905694268643856,0,0.6066046804189682,7,9,0,0,M S,West Ham,1,0.905694268643856,2.343320823274553,1.2692424608394504
6424,Ben Johnson,19,1395,1,0.1485153278335929,0,0.555366950109601,5,9,1,0,D S,West Ham,1,0.1485153278335929,4.057713916525245,3.721433403901756
6456,Callum Hudson-Odoi,15,971,1,2.775725405663252,2,2.6389927733689547,18,25,1,0,D F M S,Chelsea,1,2.775725405663252,6.930552180856466,2.43254566937685
6523,Milot Rashica,30,2158,1,2.4488570485264063,2,1.8363990606740117,42,33,0,0,D F M S,Norwich,1,2.4488570485264063,4.509708578698337,1.3890956975519657
6665,Curtis Jones,15,869,1,0.8281120555475354,1,0.6779232639819384,20,11,0,0,M S,Liverpool,1,0.8281120555475354,4.3407577108591795,3.2194961216300726
6674,Rayan Ait Nouri,22,1730,1,0.5112227126955986,2,1.6456147385761142,12,17,4,0,D S,Wolverhampton Wanderers,1,0.5112227126955986,4.38540936820209,3.40537525806576
6859,Kortney Hause,7,393,1,0.06403258163481951,0,0,2,0,0,0,D S,Aston Villa,1,0.06403258163481951,1.8135119937360287,1.8135119937360287
7069,Saman Ghoddos,17,499,1,0.7120704315602779,1,1.1907195542007685,8,6,2,0,D F M S,Brentford,1,0.7120704315602779,3.1678588427603245,1.4298269227147102
7078,Sean Longstaff,23,1369,1,0.777549815364182,1,0.46420789510011673,15,7,1,0,M S,Newcastle United,1,0.777549815364182,3.3077014489099383,2.3701059771701694
7134,Marc Cucurella,34,3012,1,0.6472007874399424,1,2.7886951994150877,17,40,6,0,D M,Brighton,1,0.6472007874399424,10.801793440245092,8.88694287929684
7218,Cristian Romero,22,1850,1,0.41147609427571297,0,0.3777229841798544,6,6,8,0,D S,Tottenham,1,0.41147609427571297,9.463023137301207,9.053352139890194
7332,Max Kilman,30,2693,1,1.3776240274310112,0,0.1449058810248971,13,3,3,0,D,Wolverhampton Wanderers,1,1.3776240274310112,5.232632905244827,5.062295839190483
7382,Dan Burn,28,2375,1,1.6115350518375635,1,1.4531607888638973,18,6,8,0,D S,"Brighton,Newcastle United",1,1.6115350518375635,2.9698750898241997,2.9460852704942226
7420,Miguel Almirón,29,1640,1,1.6393367443233728,0,1.0018364689312875,31,17,2,0,F M S,Newcastle United,1,1.6393367443233728,5.024419793859124,2.6870242757722735
7430,Emerson,30,2222,1,2.0201122779399157,1,2.4506241232156754,15,28,5,0,D S,Tottenham,1,2.0201122779399157,11.260757254436612,7.9452424719929695
7470,Mathias Normann,22,1571,1,0.8206275841221213,2,2.290143020451069,25,13,5,0,M S,Norwich,1,0.8206275841221213,3.3595990808680654,1.3734484799206257
7690,Grant Hanley,32,2809,1,1.682869829237461,0,0.3979409597814083,19,6,2,0,D,Norwich,1,1.682869829237461,3.4686919962987304,3.377051285468042
7693,Kenny McLean,31,2710,1,1.9170863702893257,0,1.088822863996029,33,10,3,0,M S,Norwich,1,1.9170863702893257,5.813929038122296,3.8686141967773438
8021,Adam Idah,17,611,1,1.9293008372187614,1,0.4609227031469345,14,5,0,0,F M S,Norwich,1,1.9293008372187614,2.4035348929464817,0.5110169239342213
8089,Kieran Tierney,22,1926,1,0.6144812004640698,3,1.2466317061334848,15,20,0,0,D,Arsenal,1,0.6144812004640698,6.728196367621422,5.273796245455742
8476,Jarrad Branthwaite,5,294,1,0.6022204216569662,0,0,3,0,0,1,D S,Everton,1,0.6022204216569662,0.04872152581810951,0.04872152581810951
8706,Eberechi Eze,12,587,1,0.4566666893661022,1,0.9693562425673008,10,11,1,0,F M S,Crystal Palace,1,0.4566666893661022,1.7385784834623337,1.230239875614643
8717,Pascal Struijk,28,2035,1,2.299656362272799,0,0.36970712058246136,11,10,6,1,D M S,Leeds,1,2.299656362272799,5.473628105595708,5.03010194376111
8718,Stuart Dallas,34,2929,1,1.8355177091434598,1,3.379576163366437,30,31,5,0,D M,Leeds,1,1.8355177091434598,9.495669228956103,6.707577155902982
8821,Donny van de Beek,14,491,1,0.8427473604679108,0,0.4375310707837343,6,5,1,0,M S,"Everton,Manchester United",1,0.8427473604679108,2.1459810752421618,0.9396975375711918
9453,Moisés Caicedo,7,592,1,0.48775614332407713,1,0.15001831576228142,8,3,2,0,M,Brighton,1,0.48775614332407713,2.740141282789409,2.1694323047995567
9512,Valentino Livramento,28,2202,1,1.1455562580376863,1,2.9600229328498244,12,20,2,0,D S,Southampton,1,1.1455562580376863,7.637436244636774,4.881161080673337
9677,Kristoffer Ajer,23,1922,1,1.065576035529375,3,2.211187332868576,7,8,5,0,D S,Brentford,1,1.065576035529375,5.5533482786268,3.8359066788107157
9678,Ethan Pinnock,32,2701,1,1.7465086551383138,1,1.7245037853717804,16,12,1,0,D,Brentford,1,1.7465086551383138,6.18483616784215,4.2750906981527805
9685,Mads Roerslev,21,1240,1,0.2831445559859276,1,0.9667045874521136,5,7,1,0,D S,Brentford,1,0.2831445559859276,1.358168470673263,0.47986842319369316
9691,Nuno Tavares,21,1072,1,1.6044158851727843,1,1.04948855843395,21,9,2,0,D S,Arsenal,1,1.6044158851727843,5.6113282311707735,3.459954474121332
9739,Kiernan Dewsbury-Hall,27,2038,1,1.2946146856993437,2,3.0290632527321577,20,34,4,0,M S,Leicester,1,1.2946146856993437,9.695717334747314,6.931460807099938
9833,Andrew Omobamidele,5,380,1,0.17112184315919876,0,0,2,0,1,0,D S,Norwich,1,0.17112184315919876,0.4068538714200258,0.4068538714200258
9914,Shandon Baptiste,21,892,1,0.5783813577145338,0,0.5454358644783497,12,9,0,1,M S,Brentford,1,0.5783813577145338,2.336038407869637,1.4911790182814002
10291,Vitalii Mykolenko,13,1059,1,0.5452762395143509,0,0.49699372611939907,8,8,0,0,D S,Everton,1,0.5452762395143509,1.9282747656106949,1.1917388830333948
62,Lukas Rupp,18,726,0,0.4662754936143756,0,1.3048205226659775,12,9,0,0,M S,Norwich,0,0.4662754936143756,2.554090393707156,1.520257929340005
111,Jannik Vestergaard,10,561,0,0.03875558450818062,0,0.06727154552936554,1,1,2,0,D S,Leicester,0,0.03875558450818062,3.783560683950782,3.783560683950782
181,Bernd Leno,4,360,0,0,0,0,0,0,0,0,GK,Arsenal,0,0,0.18938343226909637,0.18938343226909637
200,Andreas Christensen,19,1499,0,0.7990243220701814,0,0.19266082346439362,5,6,2,0,D S,Chelsea,0,0.7990243220701814,8.302761550992727,8.291628237813711
342,Sead Kolasinac,2,91,0,0,0,0,0,0,1,0,D S,Arsenal,0,0,0,0
461,Matt Ritchie,17,1334,0,0.36628564447164536,2,1.9647234054282308,10,29,5,0,D S,Newcastle United,0,0.36628564447164536,2.960621320642531,2.4114670986309648
462,Dan Gosling,3,159,0,0.014846940524876118,0,0.048000842332839966,1,1,0,0,M S,Watford,0,0.014846940524876118,0.048000842332839966,0.048000842332839966
473,Danny Ward,1,90,0,0,0,0,0,0,0,0,GK,Leicester,0,0,0.7123157382011414,0.7123157382011414
486,Adam Lallana,24,1568,0,0.8801136892288923,1,0.9317839946597815,19,8,4,0,F M S,Brighton,0,0.8801136892288923,5.687925115227699,5.048137212172151
489,James Milner,23,797,0,0.34471173770725727,1,2.1824450381100178,10,22,2,0,D M S,Liverpool,0,0.34471173770725727,6.642169661819935,5.744471661746502
496,Mohamed Elneny,13,695,0,0.11480156797915697,2,0.39575787261128426,6,9,1,0,M S,Arsenal,0,0.11480156797915697,2.738823566585779,2.424128755927086
503,Theo Walcott,9,387,0,0.862159663811326,0,0.021903160959482193,6,1,0,0,M S,Southampton,0,0.862159663811326,1.1949571296572685,0.3279771599918604
509,Wayne Hennessey,2,180,0,0,0,0.1527586430311203,0,3,0,0,GK,Burnley,0,0,0.07922413945198059,0
510,Joel Ward,27,2397,0,0.3206135928630829,0,0.3251228369772434,9,6,8,0,D S,Crystal Palace,0,0.3206135928630829,8.68622376397252,8.220767494291067
532,Cheikhou Kouyaté,26,1969,0,0.21997356414794922,1,0.703462990000844,7,4,3,0,D M S,Crystal Palace,0,0.21997356414794922,2.8494038581848145,2.675063857808709
546,David de Gea,37,3330,0,0,0,0,0,0,0,0,GK,Manchester United,0,0,3.352091365493834,3.352091365493834
554,Juan Mata,6,198,0,0.33627697080373764,0,0.34225791692733765,5,2,0,0,M S,Manchester United,0,0.33627697080373764,1.43234384059906,1.096066914498806
574,Troy Deeney,2,19,0,0.10941658914089203,0,0.03317096456885338,2,1,0,0,S,Watford,0,0.10941658914089203,0.1425875574350357,0
581,Craig Cathcart,31,2395,0,0.16149529442191124,1,1.4212617091834545,3,3,3,0,D S,Watford,0,0.16149529442191124,1.9474509432911873,1.9474509432911873
592,Ross Barkley,5,145,0,0.7709845006465912,0,0.5811443775892258,6,7,0,0,M S,Chelsea,0,0.7709845006465912,3.02110356092453,2.1158861070871353
596,Tom Cleverley,27,1554,0,0.6841247100383043,2,1.2796033499762416,11,18,2,0,M S,Watford,0,0.6841247100383043,5.546524925157428,4.161133663728833
603,Nathaniel Clyne,15,1261,0,0.06702422723174095,1,0.3154220748692751,3,6,1,0,D S,Crystal Palace,0,0.06702422723174095,1.6191398967057467,1.3842881117016077
624,Willy Caballero,2,180,0,0,0,0,0,0,1,0,GK,Southampton,0,0,0,0
631,Ashley Young,23,1231,0,0.40374259278178215,2,0.77831229288131,10,13,2,0,D F M S,Aston Villa,0,0.40374259278178215,3.3930898886173964,2.4790427163243294
633,James McArthur,20,1427,0,0.3072258438915014,3,1.270192688331008,9,16,3,0,M S,Crystal Palace,0,0.3072258438915014,4.8524882309138775,3.739218693226576
635,Alex McCarthy,16,1440,0,0,0,0.023409102112054825,0,1,1,0,GK,Southampton,0,0,2.008901508525014,1.985492406412959
637,Hugo Lloris,37,3330,0,0,0,0.20632429793477058,0,2,2,0,GK,Tottenham,0,0,5.109061388298869,4.902737086638808
638,Kyle Walker,20,1759,0,0.22247727867215872,2,1.4552457462996244,8,11,1,0,D,Manchester City,0,0.22247727867215872,9.661231979727745,8.514133363962173
641,Danny Rose,8,692,0,0.15660608280450106,0,0.631848668679595,4,5,4,0,D S,Watford,0,0.15660608280450106,1.551004913635552,0.8791762432083488
643,Eric Dier,34,2981,0,1.5635333359241486,0,1.31925193592906,14,8,1,0,D,Tottenham,0,1.5635333359241486,13.83752334304154,13.225535364821553
669,Ashley Westwood,27,2292,0,0.4902868000790477,3,4.2570051066577435,14,32,7,0,M S,Burnley,0,0.4902868000790477,5.98955163359642,4.206026756204665
688,Ruben Loftus-Cheek,24,1378,0,0.9419812392443419,2,2.556415792554617,19,18,1,0,M S,Chelsea,0,0.9419812392443419,8.096101228147745,6.934503693133593
694,Asmir Begovic,2,180,0,0,0,0,0,0,0,0,GK,Everton,0,0,0,0
695,Bertrand Traoré,9,199,0,0.26367055159062147,0,0,8,0,0,0,F S,Aston Villa,0,0.26367055159062147,0.6458879923447967,0.4442640086635947
697,Nemanja Matic,23,1386,0,0.20441056322306395,4,1.8546466510742903,6,13,3,0,M S,Manchester United,0,0.20441056322306395,7.1761611346155405,5.484577724710107
706,Lukasz Fabianski,36,3240,0,0,0,0,0,0,2,0,GK,West Ham,0,0,3.2739162631332874,3.2739162631332874
708,Federico Fernández,7,523,0,0.3371330089867115,0,0.2842389643192291,6,1,0,0,D S,Newcastle United,0,0.3371330089867115,0.5562508665025234,0.2720119059085846
741,Jordan Pickford,35,3150,0,0,0,0.14213424362242222,0,5,2,0,GK,Everton,0,0,1.6098102601245046,1.4676760053262115
743,Dwight Gayle,8,20,0,0.21234636008739471,0,0.4094136068597436,2,2,1,0,S,Newcastle United,0,0.21234636008739471,0.6217599669471383,0.010893137194216251
745,Kasper Schmeichel,36,3240,0,0,0,0.01586919091641903,0,1,1,0,GK,Leicester,0,0,5.54432132281363,5.528452130034566
759,Daniel Amartey,27,2103,0,0.022854650393128395,0,0.24510067701339722,2,4,4,0,D S,Leicester,0,0.022854650393128395,3.7345104794949293,3.711655840277672
770,Ayoze Pérez,13,416,0,1.082764659076929,3,1.155420370399952,9,10,0,1,M S,Leicester,0,1.082764659076929,1.9429969191551208,0.6373151056468487
780,Karl Darlow,8,720,0,0,0,0,0,0,1,0,GK,Newcastle United,0,0,0.558485004119575,0.558485004119575
785,John Ruddy,1,90,0,0,0,0,0,0,0,0,GK,Wolverhampton Wanderers,0,0,0,0
803,Ben Foster,26,2340,0,0,1,0.06758871674537659,0,1,0,0,GK,Watford,0,0,2.202352598309517,2.1347638815641403
831,Fraser Forster,19,1710,0,0,0,0,0,0,1,0,GK,Southampton,0,0,0.8640098161995411,0.8640098161995411
835,Ryan Bertrand,4,340,0,0,0,0,0,0,1,0,D,Leicester,0,0,1.6839181892573833,1.6839181892573833
847,Cédric Soares,20,1393,0,0.3888905830681324,0,1.098722217604518,9,17,3,0,D S,Arsenal,0,0.3888905830681324,4.822234474122524,4.0914322175085545
852,Freddie Woodman,4,360,0,0,0,0,0,0,0,0,GK,Newcastle United,0,0,0.31584727950394154,0.31584727950394154
853,Paul Dummett,3,199,0,0,0,0,0,0,2,0,D S,Newcastle United,0,0,0.1516183689236641,0.1516183689236641
856,Jack Butland,9,761,0,0,0,0,0,0,0,0,GK S,Crystal Palace,0,0,1.167528048157692,1.167528048157692
875,Ciaran Clark,13,1011,0,1.0101889353245497,1,0.19648081716150045,7,4,2,1,D S,Newcastle United,0,1.0101889353245497,1.7617447040975094,1.6704292874783278
876,Fabian Delph,11,663,0,0.035208458080887794,0,0.0791698768734932,2,4,2,0,M S,Everton,0,0.035208458080887794,1.1041885847225785,1.0540231028571725
887,Erik Pieters,12,722,0,0.14986416697502136,1,0.7618365120142698,7,2,1,0,D S,Burnley,0,0.14986416697502136,2.120846382342279,1.2565384255722165
902,Sam Byram,14,984,0,0.3631412498652935,0,0.2558969408273697,7,4,2,0,D S,Norwich,0,0.3631412498652935,1.2248435523360968,1.0419674757868052
934,Axel Tuanzebe,9,507,0,0.15486813336610794,0,0,2,0,1,0,D S,Aston Villa,0,0.15486813336610794,0.8887575045228004,0.8887575045228004
951,Phil Jones,4,162,0,0,0,0,0,0,0,0,D S,Manchester United,0,0,0.14934715628623962,0.14934715628623962
971,Harry Winks,18,880,0,0.06756175123155117,1,1.5235148128122091,3,10,2,0,M S,Tottenham,0,0.06756175123155117,7.694996282458305,6.360176160931587
982,Tim Krul,28,2520,0,0,0,0.47920718789100647,0,1,1,0,GK,Norwich,0,0,2.509744388051331,2.509744388051331
987,Joseph Gomez,8,333,0,0.013465561904013157,1,0.7109512649476528,1,3,2,0,D S,Liverpool,0,0.013465561904013157,2.6574108600616455,1.9875367730855942
1006,Luke Shaw,20,1609,0,0.16595165245234966,3,3.6936395075172186,6,39,8,0,D M S,Manchester United,0,0.16595165245234966,7.591037195175886,5.7372578755021095
1025,Daniel Bachmann,11,990,0,0,0,0,0,0,0,0,GK,Watford,0,0,0.8751082131639123,0.8751082131639123
1053,Keinan Davis,1,10,0,0,0,0,0,0,0,0,S,Aston Villa,0,0,0.02824227511882782,0.02824227511882782
1084,Jonjoe Kenny,14,924,0,0.16263704001903534,1,0.5635496899485588,5,10,1,1,D S,Everton,0,0.16263704001903534,1.4217385742813349,0.8217848585918546
1142,Samir,18,1592,0,0.3858645185828209,0,0.14267956838011742,8,2,4,0,D,Watford,0,0.3858645185828209,1.64891348592937,1.558057939633727
1245,Emerson,1,3,0,0,0,0,0,0,0,0,S,Chelsea,0,0,0,0
1257,Alisson,35,3150,0,0,1,0.1280679851770401,0,1,0,0,GK,Liverpool,0,0,9.252958126366138,9.12489015609026
1304,Moise Kean,1,1,0,0,0,0,0,0,0,0,S,Everton,0,0,0.01786201260983944,0.01786201260983944
1379,Allan,28,2196,0,0.2409789515659213,2,0.6515110256150365,7,14,7,1,M S,Everton,0,0.2409789515659213,5.809602975845337,5.090588424354792
1441,Adam Masina,14,1061,0,0.2650028448551893,0,0.6399356294423342,5,6,0,0,D M S,Watford,0,0.2650028448551893,2.08348798006773,1.445323571562767
1545,Emil Krafth,20,1636,0,0.2295665107667446,1,1.0393324326723814,6,6,5,0,D S,Newcastle United,0,0.2295665107667446,3.798123891465366,3.6667916728183627
1663,Johann Berg Gudmundsson,18,1110,0,1.6903427271172404,1,0.6487751249223948,19,6,2,0,M S,Burnley,0,1.6903427271172404,2.904454218223691,1.383490838110447
1675,Ashley Fletcher,3,24,0,0.43765381909906864,0,0,2,0,0,0,S,Watford,0,0.43765381909906864,0.43765381909906864,0
1707,Ben Gibson,28,2496,0,1.3600877039134502,0,0.11564303282648325,8,3,3,1,D,Norwich,0,1.3600877039134502,4.114081900566816,4.074928164482117
1711,Adam Forshaw,22,1524,0,0.48424478992819786,1,1.0407437290996313,14,13,5,0,M S,Leeds,0,0.48424478992819786,6.191524561494589,4.8989888690412045
1725,Christian Kabasele,15,1098,0,1.3147071674466133,0,0.17673394829034805,7,2,0,0,D S,Watford,0,1.3147071674466133,0.7724126018583775,0.7071217559278011
1735,Jack Stephens,10,716,0,0,0,0.24428221210837364,0,4,3,0,D S,Southampton,0,0,1.580747153609991,1.5266310423612595
1739,Eric Bailly,4,220,0,0,0,0,0,0,1,0,D S,Manchester United,0,0,0.42615123093128204,0.42615123093128204
1747,Kevin Long,5,316,0,0.13826129958033562,0,0,4,0,1,0,D S,Burnley,0,0.13826129958033562,0.3228092519566417,0.3228092519566417
1750,Ainsley Maitland-Niles,8,251,0,0.029720153659582138,0,0.22736281156539917,2,3,0,0,M S,Arsenal,0,0.029720153659582138,0.6360603049397469,0.3890685737133026
1785,Nampalys Mendy,13,951,0,0.022391680628061295,0,0.027185890823602676,1,1,3,0,M S,Leicester,0,0.022391680628061295,1.3848289158195257,1.3848289158195257
1823,Lucas Digne,28,2356,0,0.8612115504220128,3,3.459656275808811,18,51,6,0,D,"Aston Villa,Everton",0,0.8612115504220128,7.210948299616575,5.305216449312866
1828,Alex Telles,20,1569,0,0.418827754445374,4,1.8418894475325942,9,25,1,0,D S,Manchester United,0,0.418827754445374,7.3305031806230545,6.3075691014528275
2190,Vicente Guaita,29,2569,0,0,0,0,0,0,2,0,GK,Crystal Palace,0,0,3.179999578744173,3.179999578744173
2266,Saúl Ñíguez,9,387,0,0.08091343007981777,0,0.08867126703262329,2,2,1,0,D M S,Chelsea,0,0.08091343007981777,2.591667003929615,2.439946949481964
2310,Alphonse Areola,1,90,0,0,0,0,0,0,0,0,GK,West Ham,0,0,0,0
2383,André Gomes,14,621,0,0.9899692730978131,1,0.15643618162721395,14,4,3,0,M S,Everton,0,0.9899692730978131,1.5198931861668825,0.49818310141563416
2958,Oleksandr Zinchenko,14,985,0,0.48749527521431446,3,2.1288968808948994,12,14,0,0,D S,Manchester City,0,0.48749527521431446,11.211019031703472,8.945574410259724
3203,Issa Diop,13,964,0,0.05627398379147053,1,0.2918313443660736,2,1,0,0,D S,West Ham,0,0.05627398379147053,2.027613990008831,1.7357826456427574
3387,Nicolas N&#039;Koulou,3,167,0,0,0,0.012984516099095345,0,1,0,0,D S,Watford,0,0,0.0964711457490921,0.0964711457490921
3389,Benjamin Mendy,1,80,0,0,0,0.28852787613868713,0,2,0,0,D,Manchester City,0,0,0.16540543735027313,0.13293083012104034
3428,Hélder Costa,1,20,0,0.018221013247966766,0,0,1,0,0,0,S,Leeds,0,0.018221013247966766,0,0
3468,Jonas Lössl,2,180,0,0,0,0,0,0,0,0,GK,Brentford,0,0,0,0
3696,Morgan Sanson,10,349,0,0.011810557916760445,0,0.02820633538067341,1,1,0,0,M S,Aston Villa,0,0.011810557916760445,0.844300763681531,0.8324902057647705
4401,Emiliano Martinez,36,3240,0,0,0,0,0,0,4,0,GK,Aston Villa,0,0,2.479882091283798,2.479882091283798
4475,Jed Steer,1,90,0,0,0,0,0,0,0,0,GK,Aston Villa,0,0,0.010699876584112644,0.010699876584112644
4764,Jean-Philippe Gbamin,3,67,0,0,0,0,0,0,0,0,M S,Everton,0,0,0.05828259512782097,0.05828259512782097
5043,Kiko Femenía,26,2067,0,0.030327491462230682,5,3.583177775144577,2,23,2,0,D S,Watford,0,0.030327491462230682,3.771491492167115,2.841748032718897
5061,Kepa,4,360,0,0,0,0,0,0,0,0,GK,Chelsea,0,0,0.7405954152345657,0.7405954152345657
5191,Álvaro Fernández,12,1080,0,0,0,0,0,0,0,0,GK,Brentford,0,0,0.3428560942411423,0.3428560942411423
5544,Angus Gunn,9,810,0,0,0,0,0,0,0,0,GK,Norwich,0,0,0.27743810415267944,0.27743810415267944
5545,Wilfred Ndidi,19,1621,0,0.5835883095860481,0,0.07641302049160004,14,2,4,0,D M S,Leicester,0,0.5835883095860481,4.509539040736854,4.185820539481938
5549,Luka Milivojevic,15,776,0,0.2893703170120716,0,0.6418905034661293,8,10,1,0,M S,Crystal Palace,0,0.2893703170120716,2.915633574128151,2.594489920884371
5552,Nick Pope,35,3150,0,0,0,0.07061231136322021,0,2,1,0,GK,Burnley,0,0,3.3429426681250334,3.272330356761813
5584,Aaron Wan-Bissaka,20,1795,0,0.2879099305719137,0,0.9214210398495197,5,14,2,0,D M,Manchester United,0,0.2879099305719137,5.104909781366587,4.2221735045313835
5603,Aaron Ramsdale,33,2970,0,0,0,0,0,0,1,0,GK,Arsenal,0,0,3.6571639981120825,3.6571639981120825
5648,Malang Sarr,7,518,0,0.020652154460549355,0,0.36197760701179504,1,2,2,0,D S,Chelsea,0,0.020652154460549355,1.3117741495370865,0.9393732184544206
5681,Giovani Lo Celso,9,223,0,0.7339939046651125,0,1.0649307779967785,9,5,0,0,M S,Tottenham,0,0.7339939046651125,1.445075461640954,0.7877808213233948
5708,Fernando Marçal,18,1468,0,0.6045067487284541,0,0.721670487895608,11,10,3,0,D S,Wolverhampton Wanderers,0,0.6045067487284541,3.9282850110903382,3.2729306714609265
6027,Jairo Riedewald,3,112,0,0,0,0.053624365478754044,0,2,0,0,M S,Crystal Palace,0,0,0.7066319920122623,0.6811742037534714
6044,Charlie Taylor,30,2639,0,0.1939467266201973,3,3.25860733166337,7,18,3,0,D S,Burnley,0,0.1939467266201973,6.600532862357795,4.444255170412362
6049,Solly March,30,1646,0,1.4529980923980474,1,2.925104917958379,21,33,1,0,D F M S,Brighton,0,1.4529980923980474,7.089726306498051,4.013591147959232
6051,Dale Stephens,3,121,0,0.044614389538764954,0,0.01727251149713993,1,1,1,0,M S,Burnley,0,0.044614389538764954,0.061886902898550034,0
6054,Ederson,36,3240,0,0,0,0,0,0,3,0,GK,Manchester City,0,0,9.746944017708302,9.746944017708302
6080,Victor Lindelöf,27,2259,0,0.18983799498528242,2,0.6558026969432831,3,4,3,0,D S,Manchester United,0,0.18983799498528242,6.806015821173787,6.787731738761067
6104,Will Hughes,15,987,0,0.13572115637362003,1,0.9568461701273918,6,9,5,0,M S,Crystal Palace,0,0.13572115637362003,3.0081103406846523,2.649649266153574
6108,Rodrigo Bentancur,16,1302,0,0.5784623697400093,2,1.7696252334862947,14,12,5,0,M S,Tottenham,0,0.5784623697400093,10.136727900244296,9.171567350625992
6163,Nélson Semedo,25,2151,0,1.3901755344122648,1,1.3628812935203314,19,18,1,0,D,Wolverhampton Wanderers,0,1.3901755344122648,5.2916821874678135,2.8525935877114534
6252,Lyanco,14,808,0,0.25548436492681503,0,0.17410717904567719,6,3,2,0,D S,Southampton,0,0.25548436492681503,1.6594501100480556,1.5830354057252407
6273,Robin Koch,19,1483,0,1.086425184737891,0,0.28027566708624363,13,5,3,0,D M S,Leeds,0,1.086425184737891,3.653099154587835,2.8611717242747545
6310,Boubakary Soumare,19,1102,0,0.32983716018497944,1,0.285683274269104,6,6,0,0,M S,Leicester,0,0.32983716018497944,3.370995475910604,3.0025121001526713
6314,Joachim Andersen,33,2827,0,0.4841734329238534,3,1.3832013523206115,8,18,4,0,D S,Crystal Palace,0,0.4841734329238534,8.132120620459318,7.921789295971394
6326,Ibrahima Konaté,10,900,0,0.20516269281506538,0,0,4,0,2,0,D,Liverpool,0,0.20516269281506538,2.801140232011676,2.801140232011676
6377,Joe Rodon,3,86,0,0,0,0,0,0,0,0,S,Tottenham,0,0,0,0
6382,Pedro Neto,12,430,0,1.162987109273672,1,1.3559704534709454,16,12,3,0,F M S,Wolverhampton Wanderers,0,1.162987109273672,2.318554300814867,0.6335575617849827
6418,Hamza Choudhury,6,289,0,0.020226823166012764,0,0,1,0,1,0,D M S,Leicester,0,0.020226823166012764,2.029355689883232,2.029355689883232
6451,Nathan Ferguson,1,6,0,0,0,0,0,0,0,0,S,Crystal Palace,0,0,0,0
6477,Cenk Tosun,1,2,0,0,0,0,0,0,0,0,S,Everton,0,0,0.01560334675014019,0.01560334675014019
6485,Júnior Firpo,23,1645,0,0.9093520184978843,2,2.5230680238455534,10,22,11,0,D M S,Leeds,0,0.9093520184978843,4.703200046904385,2.6108992379158735
6492,Reiss Nelson,1,18,0,0.03743357956409454,0,0.06058930233120918,1,1,0,0,S,Arsenal,0,0.03743357956409454,0.11221746355295181,0.014194582588970661
6500,Romain Perraud,20,1630,0,0.7305770181119442,1,0.40405129361897707,19,8,3,0,D M S,Southampton,0,0.7305770181119442,3.1580302845686674,2.5399276427924633
6521,Yerry Mina,13,842,0,0.2367649432271719,0,0.025555642321705818,6,1,3,0,D S,Everton,0,0.2367649432271719,0.9664668142795563,0.8685788568109274
6532,Martin Dubravka,25,2250,0,0,0,0.013456983491778374,0,1,1,0,GK,Newcastle United,0,0,1.6517113521695137,1.6382543668150902
6538,Oghenekaro Etebo,9,387,0,0.03751057852059603,0,0.11592758819460869,3,2,3,0,M S,Watford,0,0.03751057852059603,0.5564567781984806,0.4183486979454756
6542,Jürgen Locadia,1,20,0,0.05609802529215813,0,0,1,0,0,0,S,Brighton,0,0.05609802529215813,0.05609802529215813,0
6736,Ibrahima Diallo,23,1008,0,0.3365834169089794,2,1.0428847670555115,8,16,1,0,M S,Southampton,0,0.3365834169089794,3.856823433190584,2.641662998124957
6756,Dwight McNeil,37,3040,0,2.3617015974596143,1,4.96996423881501,49,46,1,0,M S,Burnley,0,2.3617015974596143,9.887481324374676,4.37444091308862
6837,Ryan Sessegnon,14,975,0,0.38443486392498016,2,3.199270165525377,6,12,2,0,D M S,Tottenham,0,0.38443486392498016,6.7262018620967865,4.2079915422946215
6841,Ken Sema,17,745,0,0.0732036642730236,0,1.5324699375778437,2,10,1,0,F M S,Watford,0,0.0732036642730236,1.6950291097164154,1.4122579339891672
6850,Willy Boly,9,810,0,0.08892803639173508,0,0.0629572719335556,2,1,1,0,D,Wolverhampton Wanderers,0,0.08892803639173508,2.2554034050554037,2.2554034050554037
6857,Morgan Gibbs-White,2,4,0,0.09891022741794586,0,0,2,0,1,0,S,Wolverhampton Wanderers,0,0.09891022741794586,0.13725008815526962,0.038339853286743164
6880,Edouard Mendy,33,2970,0,0,0,0,0,0,3,0,GK,Chelsea,0,0,5.00591035746038,5.00591035746038
6891,Ryan Fredericks,7,296,0,0,0,0.11661294847726822,0,2,1,0,D S,West Ham,0,0,0.6040522009134293,0.5504778698086739
6923,Mohammed Salisu,33,2882,0,1.7930014245212078,0,0.5444616060703993,24,9,8,1,D S,Southampton,0,1.7930014245212078,7.810963306576014,7.580640129745007
6947,Samuel Kalu,4,220,0,0.3926304206252098,0,0.292453408241272,4,1,0,0,F S,Watford,0,0.3926304206252098,0.7094591781497002,0.0833156481385231
6996,William Troost-Ekong,17,1381,0,0.10419335775077343,0,0.0705595538020134,2,1,3,0,D S,Watford,0,0.10419335775077343,2.151211665943265,2.0682601276785135
7081,Francisco Sierralta,5,430,0,0.03239230066537857,0,0,1,0,0,0,D,Watford,0,0.03239230066537857,0.29681150056421757,0.29681150056421757
7166,Mathias Jensen,30,1538,0,2.6153869847767055,1,2.87057975679636,18,32,0,0,M S,Brentford,0,2.6153869847767055,6.878510524984449,2.972486177459359
7198,Oliver Skipp,18,1340,0,0.1463643554598093,0,0.7628862001001835,4,8,6,0,M S,Tottenham,0,0.1463643554598093,6.27873121201992,5.448812562972307
7235,Jason Steele,1,90,0,0,0,0,0,0,0,0,GK,Brighton,0,0,0,0
7278,Imran Louza,20,1443,0,1.1728494549170136,0,0.8327766722068191,17,15,6,0,M S,Watford,0,1.1728494549170136,3.550758697092533,2.6552279721945524
7280,Yan Valery,5,368,0,0.025073179975152016,0,0.25505128502845764,2,1,0,0,D S,Southampton,0,0.025073179975152016,1.1389366760849953,1.1138634756207466
7281,Diogo Dalot,23,1710,0,0.6603388879448175,0,0.8457388170063496,13,16,3,0,D S,Manchester United,0,0.6603388879448175,7.798817843198776,6.682864002883434
7298,Ben White,32,2880,0,0.6877351030707359,0,1.1921779308468103,12,13,3,0,D,Arsenal,0,0.6877351030707359,10.00104220584035,9.336444538086653
7338,Bryan Gil Salvatierra,9,76,0,0.10067084431648254,0,0.10442430153489113,1,2,0,0,S,Tottenham,0,0.10067084431648254,0.9023008551448584,0.7428102698177099
7376,Ozan Kabak,11,926,0,0.5807486493140459,0,0.030333814211189747,5,2,2,0,D,Norwich,0,0.5807486493140459,0.9165712306275964,0.818829002790153
7546,Harvey Elliott,6,348,0,0.6139405518770218,0,0.5197130292654037,10,9,0,0,M S,Liverpool,0,0.6139405518770218,3.1572369933128357,2.2090611904859543
7589,Wesley Fofana,6,540,0,0.0683569498360157,0,0.036049164831638336,2,2,2,0,D,Leicester,0,0.0683569498360157,1.6408552322536707,1.6215974781662226
7688,Max Aarons,33,2792,0,0.8082524267956614,2,1.7876455821096897,12,20,8,0,D S,Norwich,0,0.8082524267956614,4.676700385287404,2.4296751087531447
7689,Ben Godfrey,23,2034,0,1.3012612713500857,0,0.7069950150325894,18,12,6,0,D,Everton,0,1.3012612713500857,2.7757197935134172,2.278057685121894
7691,Jamal Lewis,5,261,0,0,0,0.026890233159065247,0,1,1,0,D S,Newcastle United,0,0,0.2706957459449768,0.24380551278591156
7695,Todd Cantwell,8,443,0,0.12008371483534575,0,0.3090212047100067,5,1,2,0,F M S,Norwich,0,0.12008371483534575,0.6448747403919697,0.28419709019362926
7701,Moussa Djenepo,11,431,0,1.2542478013783693,0,0.2697713356465101,10,6,3,0,M S,Southampton,0,1.2542478013783693,2.398347472772002,1.0988788530230522
7722,Trézéguet,1,8,0,0.050483472645282745,0,0,1,0,0,0,S,Aston Villa,0,0.050483472645282745,0.46437200903892517,0.41388851404190063
7724,Wesley,1,1,0,0,0,0,0,0,0,0,S,Aston Villa,0,0,0,0
7753,James Justin,12,903,0,0.5318182148039341,0,0.8498172089457512,5,9,0,0,D S,Leicester,0,0.5318182148039341,4.273703835904598,3.3781409338116646
7817,Zack Steffen,1,90,0,0,0,0,0,0,0,0,GK,Manchester City,0,0,0.3352588415145874,0.3352588415145874
7904,Caoimhin Kelleher,2,180,0,0,0,0,0,0,0,0,GK,Liverpool,0,0,0.33267942070961,0.33267942070961
7931,Takehiro Tomiyasu,21,1688,0,0.3872379148378968,1,0.9992066882550716,11,12,2,0,D S,Arsenal,0,0.3872379148378968,8.340692471712828,7.479222595691681
7988,Billy Gilmour,24,1864,0,0.8399608740583062,1,1.0502576744183898,18,25,2,0,M S,Norwich,0,0.8399608740583062,4.4318011701107025,3.5529231559485197
7990,Christoph Zimmermann,2,107,0,0.02748558670282364,0,0,1,0,0,0,D,Norwich,0,0.02748558670282364,0.17165457457304,0.14416898787021637
7991,Aaron Connolly,4,152,0,0.5994892008602619,0,0.3804108202457428,2,1,0,0,F S,Brighton,0,0.5994892008602619,1.0079346299171448,0.028034603223204613
8017,Alex Kral,1,1,0,0,0,0,0,0,0,0,S,West Ham,0,0,0,0
8020,Steven Alzate,9,410,0,0.0812435895204544,0,0.14678990840911865,1,2,0,0,M S,Brighton,0,0.0812435895204544,0.9191853925585747,0.9191853925585747
8040,Marvelous Nakamba,15,890,0,0,0,0.045388270169496536,0,2,4,0,M S,Aston Villa,0,0,1.751793134957552,1.751793134957552
8075,Brandon Williams,26,2120,0,0.15530799329280853,1,1.9216499142348766,4,21,8,0,D S,Norwich,0,0.15530799329280853,4.284037467092276,3.1662996523082256
8179,Luke Cundle,4,181,0,0,0,0.5347781404852867,0,2,0,0,M S,Wolverhampton Wanderers,0,0,0.7075623795390129,0.22951174527406693
8204,Neco Williams,1,6,0,0,1,0.596182107925415,0,1,0,0,S,Liverpool,0,0,0.596182107925415,0.596182107925415
8214,Tyrick Mitchell,35,3010,0,0.22138007171452045,2,1.9149616602808237,4,21,1,0,D S,Crystal Palace,0,0.22138007171452045,8.91886536963284,7.197771484032273
8222,Japhet Tanganga,11,751,0,0.448644794523716,0,0.24557200074195862,7,2,2,1,D S,Tottenham,0,0.448644794523716,1.5058242361992598,1.3856446649879217
8224,William Smallbone,3,135,0,0.06670796126127243,0,0.05095229297876358,1,1,0,0,F M S,Southampton,0,0.06670796126127243,0.06670796126127243,0
8226,Tariq Lamptey,29,1530,0,0.9688647072762251,2,2.298136105760932,18,20,4,0,D F M S,Brighton,0,0.9688647072762251,5.339701510965824,3.0341769997030497
8235,Jeremy Ngakia,16,895,0,0.09314160607755184,0,0.8597983419895172,5,4,0,0,D S,Watford,0,0.09314160607755184,2.3214807994663715,2.199653753079474
8351,Ki-Jana Hoever,8,304,0,0.03382989764213562,0,0.08631426841020584,1,1,1,0,D S,Wolverhampton Wanderers,0,0.03382989764213562,0.5698078349232674,0.4834935665130615
8380,Pablo Marí,2,180,0,0.031568143516778946,0,0.4264914393424988,1,1,1,0,D,Arsenal,0,0.031568143516778946,0.3758748471736908,0.3758748471736908
8456,Nathan Tella,14,831,0,0.6766907870769501,1,0.6299311816692352,12,8,2,0,D F M S,Southampton,0,0.6766907870769501,1.333140267059207,0.21929174661636353
8497,Cole Palmer,4,123,0,0.28072136640548706,0,0.44644495844841003,4,2,0,0,F S,Manchester City,0,0.28072136640548706,2.0096277594566345,1.3054493889212608
8544,Lewis Bate,3,152,0,0.016889039427042007,0,0,1,0,0,0,M S,Leeds,0,0.016889039427042007,0.3578285872936249,0.3578285872936249
8562,Luke Thomas,22,1915,0,0.1825287789106369,1,1.41524538397789,4,12,2,0,D M S,Leicester,0,0.1825287789106369,5.83835593983531,4.6909694373607635
8582,Ellis Simms,1,63,0,0,0,0,0,0,0,0,F,Everton,0,0,0,0
8715,Illan Meslier,37,3306,0,0,0,0,0,0,2,0,GK,Leeds,0,0,4.343121809884906,4.343121809884906
8719,Kalvin Phillips,19,1508,0,0.7691679503768682,1,1.1478509213775396,15,8,3,0,D M S,Leeds,0,0.7691679503768682,3.70269538089633,3.3833920769393444
8721,Jamie Shackleton,14,692,0,0.1673048697412014,0,0.013330580666661263,4,1,4,0,D M S,Leeds,0,0.1673048697412014,1.5212833993136883,1.340647954493761
8778,Fabio Silva,22,558,0,2.740757318213582,0,0.40919327549636364,19,3,0,0,F S,Wolverhampton Wanderers,0,2.740757318213582,3.168383091688156,0.36884770542383194
8780,Joël Veltman,33,2805,0,0.608046030625701,1,1.5885620526969433,10,17,6,0,D M S,Brighton,0,0.608046030625701,7.682977888733149,6.777082864195108
8816,Liam Cooper,20,1724,0,0.2801405992358923,1,0.13216602429747581,6,4,5,0,D,Leeds,0,0.2801405992358923,3.2703129313886166,3.1923678554594517
8852,Konstantinos Tsimikas,13,866,0,0.6705736368894577,2,2.1310050301253796,8,25,3,0,D S,Liverpool,0,0.6705736368894577,6.504663720726967,5.575185773894191
8868,Liam Delap,1,7,0,0,0,0,0,0,0,0,S,Manchester City,0,0,0,0
8965,Vladimir Coufal,27,2128,0,0.5571801904588938,4,2.649604137055576,11,19,3,1,D S,West Ham,0,0.5571801904588938,10.209319215267897,8.37796325981617
9098,Robert Sánchez,36,3240,0,0,0,0.6362467408180237,0,3,3,1,GK,Brighton,0,0,5.044873725622892,4.756718169897795
9220,Charlie Cresswell,5,130,0,0.06303486973047256,0,0,1,0,1,0,D S,Leeds,0,0.06303486973047256,0.2912192586809397,0.2912192586809397
9284,Jakub Moder,28,1709,0,3.1035469863563776,3,2.582662910223007,28,16,1,0,D F M S,Brighton,0,3.1035469863563776,7.956003777682781,3.4272295776754618
9287,Tyler Onyango,3,23,0,0.03171619772911072,0,0,1,0,0,0,S,Everton,0,0.03171619772911072,0.03171619772911072,0
9332,Dane Scarlett,1,2,0,0,0,0,0,0,0,0,S,Tottenham,0,0,0,0
9356,Carney Chukwuemeka,12,266,0,0.6268896237015724,1,0.9877788871526718,4,2,0,0,M S,Aston Villa,0,0.6268896237015724,2.198259310796857,0.6762933097779751
9415,Jaden Philogene-Bidace,1,1,0,0,0,0,0,0,0,0,S,Aston Villa,0,0,0,0
9461,Jesurun Rak-Sakyi,1,12,0,0,0,0,0,0,0,0,S,Crystal Palace,0,0,0.03642881289124489,0.03642881289124489
9492,Crysencio Summerville,6,124,0,0.32239122316241264,0,0.048554228618741035,2,2,0,0,S,Leeds,0,0.32239122316241264,0.41452107578516006,0.07972975447773933
9493,Sam Greenwood,6,135,0,0.15416593104600906,2,0.43148041516542435,2,4,0,0,S,Leeds,0,0.15416593104600906,1.143638014793396,0.6631827130913734
9499,Cody Drameh,3,122,0,0,0,0.02329360693693161,0,1,1,0,D S,Leeds,0,0,0.34276701137423515,0.31947340443730354
9554,Tim Iroegbunam,3,91,0,0.10066081583499908,0,0,1,0,1,0,M S,Aston Villa,0,0.10066081583499908,0.10236842557787895,0.10236842557787895
9558,Hannibal Mejbri,1,5,0,0,0,0,0,0,1,0,S,Manchester United,0,0,0,0
9676,David Raya,23,2070,0,0,0,0.040995966643095016,0,1,0,0,GK,Brentford,0,0,4.044016029685736,4.044016029685736
9681,Frank Onyeka,20,1056,0,0.7653763052076101,0,0.16351551096886396,16,4,4,0,M S,Brentford,0,0.7653763052076101,1.591990603134036,0.9403920099139214
9682,Mads Bidstrup,4,26,0,0,0,0,0,0,0,0,S,Brentford,0,0,0,0
9683,Mads Bech Sørensen,10,768,0,0.07186190225183964,0,0.2554572094231844,2,5,3,0,D S,Brentford,0,0.07186190225183964,1.4031384568661451,1.1476812493056059
9684,Marcus Forss,7,183,0,0.29575230181217194,1,0.4205658733844757,5,1,0,0,F S,Brentford,0,0.29575230181217194,0.15886683389544487,0
9687,Charlie Goode,6,446,0,0.08599331229925156,0,1.0358262360095978,2,7,3,0,D S,Brentford,0,0.08599331229925156,1.1973674595355988,0.881318673491478
9689,Albert Sambi Lokonga,18,1101,0,0.5020284466445446,0,0.8004045784473419,19,17,5,0,M S,Arsenal,0,0.5020284466445446,5.260642947629094,4.588155910372734
9690,Folarin Balogun,2,69,0,0.15745480358600616,0,0,3,0,0,0,F S,Arsenal,0,0.15745480358600616,0.15745480358600616,0
9700,Kristoffer Klaesson,1,24,0,0,0,0,0,0,0,0,S,Leeds,0,0,0.8658531308174133,0.8658531308174133
9735,Taylor Richards,2,17,0,0.021424472332000732,0,0.007314532529562712,1,1,0,0,S,Brighton,0,0.021424472332000732,0.19376910105347633,0.1650300957262516
9740,José Sá,36,3240,0,0,1,0.3950190395116806,0,2,3,0,GK,Wolverhampton Wanderers,0,0,1.7239990485832095,1.328980009071529
9741,Chem Campbell,1,9,0,0,0,0,0,0,0,0,S,Wolverhampton Wanderers,0,0,0.05672752112150192,0.05672752112150192
9745,Dimitris Giannoulis,17,1080,0,0.10428129881620407,1,0.5381218157708645,2,9,2,0,D S,Norwich,0,0.10428129881620407,2.1826478857547045,1.7574138958007097
9746,Christos Tzolis,14,321,0,0.33334906212985516,0,0.7744668982923031,6,8,0,0,F M S,Norwich,0,0.33334906212985516,1.601423505693674,0.637684597633779
9747,Bali Mumba,1,43,0,0,0,0,0,0,0,0,S,Norwich,0,0,0,0
9748,Jacob Sørensen,9,505,0,0.1915945317596197,0,0,5,0,0,0,D M S,Norwich,0,0.1915945317596197,0.39949226193130016,0.38935593143105507
9912,Cameron Archer,3,20,0,0.02824227511882782,0,0,1,0,0,0,S,Aston Villa,0,0.02824227511882782,0.05972876772284508,0.03148649260401726
9915,Dominic Thompson,2,154,0,0.025226609781384468,0,0,1,0,0,0,D,Brentford,0,0.025226609781384468,0.05206825211644173,0.02684164233505726
9916,Finley Stevens,1,11,0,0,0,0.028888171538710594,0,1,0,0,S,Brentford,0,0,0,0
9933,Liam McCarron,1,6,0,0,0,0,0,0,0,0,S,Leeds,0,0,0,0
9957,Ozan Tufan,7,341,0,0.34981981571763754,0,0.2649288475513458,3,4,0,0,M S,Watford,0,0.34981981571763754,1.2360552717000246,0.6213066335767508
10001,Stuart McKinstry,1,1,0,0,0,0,0,0,0,0,S,Leeds,0,0,0,0
10027,Lewis Dobbin,3,29,0,0,0,0,0,0,1,0,S,Everton,0,0,0,0
10028,Leo Fuhr Hjelde,2,150,0,0,0,0.023741556331515312,0,1,0,0,S,Leeds,0,0,0.10357633046805859,0.07983477413654327
10036,Jeremy Sarmiento,5,35,0,0,0,0,0,0,0,0,M S,Brighton,0,0,0.05696874111890793,0.05696874111890793
10061,Harrison Ashby,1,6,0,0,0,0,0,0,0,0,S,West Ham,0,0,0,0
10091,Tyler Morton,2,68,0,0,0,0,0,0,1,0,M S,Liverpool,0,0,0.028630537912249565,0.028630537912249565
10092,Tariqe Fosu-Henry,1,15,0,0.05358147621154785,0,0,1,0,0,0,S,Brentford,0,0.05358147621154785,0.05358147621154785,0
10097,Przemyslaw Placheta,12,513,0,0.395909758284688,0,0.5884699672460556,8,4,1,0,F M S,Norwich,0,0.395909758284688,0.9923213012516499,0.12898636795580387
10118,Kaide Gordon,1,7,0,0.4911211431026459,0,0,1,0,0,0,S,Liverpool,0,0.4911211431026459,0.4911211431026459,0
10126,James McAtee,2,15,0,0.088648721575737,0,0,1,0,0,0,S,Manchester City,0,0.088648721575737,0.088648721575737,0
10141,Sonny Perkins,1,1,0,0,0,0,0,0,0,0,S,West Ham,0,0,0,0
10150,Nathan Young-Coombes,1,1,0,0,0,0,0,0,0,0,S,Brentford,0,0,0,0
10166,Kasey McAteer,1,1,0,0,0,0,0,0,0,0,S,Leicester,0,0,0,0
10168,Lewis Brunt,1,22,0,0,0,0,0,0,0,0,S,Leicester,0,0,0.01724202372133732,0.01724202372133732
10172,Jonathan Rowe,13,179,0,0.1985376700758934,1,0.40546688437461853,3,5,0,0,S,Norwich,0,0.1985376700758934,0.5169218629598618,0.2255803868174553
10174,CJ Egan-Riley,1,1,0,0,0,0,0,0,0,0,S,Manchester City,0,0,0,0
10177,Evan Ferguson,1,20,0,0,0,0,0,0,0,0,S,Brighton,0,0,0.02161894552409649,0.02161894552409649
10203,Kayky,1,5,0,0,0,0,0,0,0,0,S,Manchester City,0,0,0,0
10290,Edo Kayembe,12,711,0,0.07137983199208975,0,0.42149392515420914,4,6,0,0,M S,Watford,0,0.07137983199208975,1.7363380752503872,1.373822620138526
10293,Toti,3,270,0,0.0366181954741478,0,0,1,0,1,0,D,Wolverhampton Wanderers,0,0.0366181954741478,0.19074925780296326,0.19074925780296326
10327,Chiquinho,8,191,0,0.5611125975847244,3,1.0862634107470512,5,5,0,0,D S,Wolverhampton Wanderers,0,0.5611125975847244,1.7611463218927383,0.19358759000897408
10405,Josh Dasilva,8,212,0,0.101985864341259,0,0.18233786523342133,1,3,0,1,F M S,Brentford,0,0.101985864341259,0.44961406104266644,0.1652903314679861
10424,Daniel Chesters,1,1,0,0,0,0,0,0,0,0,S,West Ham,0,0,0,0
10525,Tony Springett,2,110,0,0.5181649327278137,0,0.514015793800354,1,2,0,0,M S,Norwich,0,0.5181649327278137,1.0925263166427612,0.06034556403756142
10552,Alejandro Garnacho,1,1,0,0,0,0,0,0,0,0,S,Manchester United,0,0,0,0
